bill_id,roll_call_id,date,chamber,description,yea,nay,nv,absent,total
451227,348849,2014-03-28,House,"Acc Maj Otp As Amended Rep RC #593",75,63,0,13,151
451227,352576,2014-04-03,Senate,"Accept Maj Otp-a Rpt RC #529",20,15,0,0,35
451227,361903,2014-05-01,House,"Reconsideration - Veto RC #756",82,64,0,5,151
451368,307273,2013-07-09,House,"Reconsider RC #453",99,37,0,15,151
451368,307274,2013-07-09,House,"Enactment - Mandate RC #454",103,33,0,15,151
451392,307245,2013-03-07,Senate,"Enactment RC #16",35,0,0,0,35
451422,307280,2013-06-17,House,"Acc Min Otp As Amended Rep RC #341",88,49,0,14,151
451518,307272,2013-05-22,House,"Acc Maj Otp As Amended Rep RC #124",115,29,0,7,151
451543,307271,2013-03-27,House,"Final Passage - Emer RC #13",141,0,0,10,151
451741,307298,2013-04-04,House,"Adopt Cah-31 RC #25",115,22,0,14,151
451741,307299,2013-05-14,House,"Reconsideration - Veto RC #85",88,56,0,7,151
451741,307300,2013-04-10,Senate,"Accept Maj Otp-a Rpt RC #41",28,6,0,1,35
451741,307301,2013-04-30,Senate,"Enactment RC #60",28,6,0,1,35
452324,306066,2013-04-23,Senate,"Accept Maj Ontp Rpt RC #45",21,14,0,0,35
452324,306067,2013-04-24,House,"Acc Maj Ought Not To Pass Rep RC #43",82,62,0,7,151
452475,345631,2014-03-19,Senate,"Accept Rpt A Otp-a RC #464",11,23,0,1,35
452475,347011,2014-03-20,House,"Passage To Be Engrossed RC #546",77,57,0,17,151
452475,348912,2014-03-27,Senate,"Insist/ask Com Of Conf RC #504",10,25,0,0,35
455924,307145,2013-04-03,House,"Reconsideration - Veto RC #23",136,6,0,9,151
455924,307146,2013-04-03,Senate,"Veto Override (2/3) RC #31",23,12,0,0,35
455985,305997,2013-05-21,House,"Acc Maj Ought Not To Pass Rep RC #112",104,40,0,7,151
456197,306310,2013-03-07,House,"Acc Maj Ought Not To Pass Rep RC #6",91,51,0,9,151
456226,337457,2014-03-04,Senate,"Accept Maj Otp-a Rpt RC #442",31,3,0,1,35
456226,346785,2014-03-19,House,"Reconsideration - Veto RC #541",133,5,0,13,151
457890,306225,2013-04-04,Senate,"Accept Maj Ontp Rpt RC #34",18,17,0,0,35
457890,306226,2013-04-09,House,"Acc Maj Ought Not To Pass Rep RC #28",110,31,0,10,151
461863,306275,2013-04-02,House,"Acc Maj Ought Not To Pass Rep RC #16",65,81,0,5,151
461863,306276,2013-04-02,House,"Table Until Later RC #17",68,79,0,4,151
461863,306277,2013-04-10,Senate,"Adhere - Maj Ontp Rep RC #40",19,15,0,1,35
461908,306292,2013-04-09,Senate,"Passage To Be Engrossed RC #38",32,3,0,0,35
461908,308678,2013-04-10,House,"Enactment - Emer RC #37",123,24,0,4,151
462045,306296,2013-04-09,House,"Acc Maj Ought Not To Pass Rep RC #30",123,21,0,7,151
462045,306297,2013-04-10,Senate,"Accept Maj Ontp Rpt RC #42",26,8,0,1,35
462065,306290,2013-04-02,House,"Acc Maj Ought Not To Pass Rep RC #21",91,55,0,5,151
462065,306291,2013-04-03,Senate,"Accept Maj Ontp Rpt RC #26",21,14,0,0,35
462194,306341,2013-04-09,House,"Acc Maj Ought Not To Pass Rep RC #31",104,38,0,9,151
462194,306342,2013-04-10,Senate,"Accept Maj Ontp Rpt RC #43",24,10,0,1,35
468737,306356,2013-05-20,House,"Enactment - Emer RC #100",138,0,0,13,151
468748,307148,2013-05-16,House,"Acc Maj Ought Not To Pass Rep RC #96",91,53,0,7,151
468856,307138,2013-03-28,House,"Acc Maj Ought Not To Pass Rep RC #14",101,43,0,7,151
468856,307139,2013-04-03,Senate,"Accept Maj Ontp Rpt RC #29",20,15,0,0,35
468931,307159,2013-05-08,House,"Acc Maj Ought Not To Pass Rep RC #82",66,77,0,8,151
468931,307160,2013-05-16,Senate,"Insist RC #77",24,9,0,2,35
468969,305998,2013-06-10,House,"Adopt Hah-421 To Cah-387 RC #240",27,116,0,8,151
469121,307190,2013-05-22,House,"Acc Maj Otp As Amended Rep RC #122",56,88,0,7,151
469121,307191,2013-05-23,Senate,"Accept Min Ontp Rpt RC #106",24,11,0,0,35
469464,307143,2013-04-04,Senate,"Enactment RC #35",25,10,0,0,35
469502,307193,2013-04-25,House,"Acc Maj Otp As Amended Rep RC #49",92,51,0,8,151
474336,306103,2013-05-08,House,"Acc Min Ought Not To Pass Rep RC #80",47,95,0,9,151
474336,306104,2013-05-08,House,"Acc Maj Ought To Pass Rep RC #81",109,32,0,10,151
474336,306105,2013-05-15,Senate,"Accept Min Ontp Rpt RC #76",21,14,0,0,35
474336,306106,2013-06-03,Senate,"Enactment RC #140",34,0,0,1,35
474445,322526,2014-02-18,House,"Acc Maj Ought Not To Pass Rep RC #496",96,45,0,10,151
476438,306853,2013-04-30,House,"Acc Maj Ought Not To Pass Rep RC #62",113,30,0,8,151
476438,306854,2013-05-01,Senate,"Accept Maj Ontp Rpt RC #62",15,19,0,1,35
477510,307105,2013-06-11,Senate,"Accept Maj Otp-a Rpt RC #227",19,15,0,1,35
477639,307131,2013-04-09,House,"Acc Maj Ought Not To Pass Rep RC #32",88,55,0,8,151
478531,316751,2014-02-06,Senate,"Accept Maj Otp-a Rpt RC #393",21,13,0,1,35
478531,326620,2014-02-18,House,"Acc Maj Otp As Amended Rep RC #495",84,56,0,11,151
478531,326621,2014-02-20,House,"Enactment RC #500",86,55,0,10,151
478531,332839,2014-02-27,Senate,"Enactment RC #432",20,15,0,0,35
478598,307226,2013-04-09,Senate,"Accept Maj Ontp Rpt RC #37",24,11,0,0,35
478727,307281,2013-06-07,Senate,"Accept Maj Ontp Rpt RC #204",20,15,0,0,35
479177,307115,2013-05-29,House,"Final Passage RC #149",95,46,0,10,151
479177,307116,2013-06-18,House,"Reconsideration - Veto RC #346",87,55,0,9,151
479189,306478,2013-04-25,House,"Acc Maj Ought Not To Pass Rep RC #51",79,69,0,3,151
479224,306346,2013-05-20,House,"Acc Maj Otp As Amended Rep RC #104",90,50,0,11,151
479224,306347,2013-05-21,Senate,"Accept Maj Otp-a Rpt RC #86",24,11,0,0,35
479224,313477,2014-01-30,House,"Acc Maj Otp As Amended Rep RC #468",92,56,0,3,151
479224,321173,2014-02-11,Senate,"Accept Maj Otp-a Rpt RC #395",21,14,0,0,35
479224,335881,2014-03-05,House,"Final Passage - Con Res RC #513",87,57,0,7,151
479236,306639,2013-05-15,House,"Acc Min Otp As Amended Rep RC #90",80,62,0,9,151
479236,306640,2013-05-28,House,"Insist RC #131",89,48,0,14,151
479236,306641,2013-05-23,Senate,"Accept Min Otp-a Rpt RC #108",2,33,0,0,35
479253,307275,2013-06-17,House,"Acc Maj Otp As Amended Rep RC #328",83,57,0,11,151
479253,307276,2013-07-09,House,"Reconsideration - Veto RC #426",85,55,0,11,151
479253,307277,2013-06-17,Senate,"Accept Maj Otp-a Rpt RC #294",22,13,0,0,35
479257,306937,2013-06-10,House,"Acc Maj Ought Not To Pass Rep RC #257",86,54,0,11,151
480079,307149,2013-03-27,House,"Acc Maj Otp As Amended Rep RC #9",84,57,0,10,151
480079,307150,2013-04-02,Senate,"Accept Maj Otp-a Rpt RC #23",21,14,0,0,35
480250,306081,2013-04-23,House,"Enactment RC #39",134,12,0,5,151
480836,307256,2013-05-20,House,"Enactment RC #101",137,0,0,14,151
480890,307257,2013-06-11,Senate,"Accept Maj Otp-a Rpt RC #244",29,5,0,1,35
480890,307258,2013-06-14,Senate,"Enactment RC #282",30,4,0,1,35
480890,307259,2013-06-13,House,"Acc Maj Otp As Amended Rep RC #305",107,37,0,7,151
480947,307255,2013-05-29,Senate,"Accept Maj Ontp Rpt RC #116",7,28,0,0,35
484204,319925,2014-02-11,House,"Enactment - Emer RC #480",144,0,0,7,151
484536,306143,2013-05-22,Senate,"Accept Rpt 'a' Otp-a RC #99",18,17,0,0,35
484536,306144,2013-06-27,Senate,"Pass To Be Engrossed As Amend RC #358",18,16,0,1,35
484536,306145,2013-05-28,House,"Acc Report 'a' Otp As Amended RC #135",96,42,0,13,151
484536,308334,2013-07-09,Senate,"Enact-mandate 2/3 Elect RC #377",17,16,0,2,35
484536,308335,2013-07-09,House,"Enactment - Mandate RC #421",93,49,0,9,151
484540,306027,2013-06-17,Senate,"Accept Maj Otp-a Rpt RC #302",14,21,0,0,35
484540,306028,2013-06-17,Senate,"Accept Min Otp-a Rpt RC #303",23,12,0,0,35
484540,306029,2013-06-17,Senate,"Adopt Sas-285 To Cbs-282 RC #304",19,16,0,0,35
484540,306030,2013-07-09,Senate,"Veto Override (2/3) RC #370",18,15,0,2,35
484540,306031,2013-06-18,House,"Acc Maj Otp As Amended Rep RC #355",56,83,0,12,151
484540,306032,2013-06-19,House,"Adpt Cb As Am By Sa285& Hbh563 RC #387",115,33,0,3,151
484540,306033,2013-06-19,House,"Passage To Be Engrossed RC #388",108,39,0,4,151
484555,308371,2013-04-02,Senate,"Final Passage-emer 2/3 Elect RC #25",34,0,0,1,35
484555,308372,2013-04-02,House,"Final Passage - Emer RC #19",147,0,0,4,151
484557,306171,2013-08-29,Senate,"Enact-bond Issue 2/3 Vote RC #385",33,0,0,1,34
484557,306172,2013-08-29,House,"Enactment - Bond Issue RC #457",122,7,0,22,151
484564,306186,2013-03-05,Senate,"Recede And Concur RC #7",21,14,0,0,35
484568,306150,2013-02-21,House,"Indef Pp Hah-2 To Cas-1 RC #4",121,22,0,8,151
484568,308344,2013-02-21,House,"Enactment - Emer RC #5",129,14,0,8,151
484973,307006,2013-03-27,House,"Acc Maj Ought Not To Pass Rep RC #10",142,3,0,6,151
485015,305989,2013-05-16,House,"Table Until Later RC #94",51,89,0,11,151
485015,305990,2013-05-16,House,"Acc Maj Ought Not To Pass Rep RC #95",101,40,0,10,151
485015,305991,2013-05-20,Senate,"Accept Maj Ontp Rpt RC #80",24,11,0,0,35
485017,305969,2013-08-29,House,"Enactment - Bond Issue RC #459",121,8,0,22,151
485017,305970,2013-08-29,Senate,"Enact-bond Issue 2/3 Vote RC #388",33,0,0,1,34
485019,347882,2014-03-26,House,"Table Until Later RC #578",58,77,0,16,151
485019,347883,2014-03-26,House,"Indef Pp Hbh-752 RC #579",76,59,0,16,151
485019,347884,2014-03-26,House,"Adopt C A As Am By Hah-739 RC #580",82,53,0,16,151
485019,348211,2014-03-27,House,"2nd Reading Pursuant To Jr 308 RC #584",82,55,0,14,151
485019,348212,2014-03-27,House,"Table Until Later RC #585",55,82,0,14,151
485019,348213,2014-03-27,House,"Indef Postpone Bill & Papers RC #586",55,80,0,16,151
485019,348214,2014-03-27,House,"Passage To Be Engrossed RC #587",82,54,0,15,151
485019,348553,2014-03-28,Senate,"Indef Post Sas-470 RC #514",19,14,0,2,35
485019,348554,2014-03-28,Senate,"Pass To Be Engrossed As Amend RC #515",20,13,0,2,35
485019,349436,2014-04-01,House,"Enactment RC #611",82,59,0,10,151
485019,356772,2014-04-16,Senate,"Adopt Sbs-547 RC #589",23,12,0,0,35
485019,357364,2014-04-17,House,"Enactment RC #723",88,55,0,8,151
485019,361293,2014-05-01,House,"Reconsideration - Veto RC #774",87,58,0,6,151
485048,307106,2013-06-12,Senate,"Enactment RC #257",35,0,0,0,35
485108,308515,2013-05-02,House,"Enactment - Emer RC #70",136,0,0,15,151
485125,306952,2013-04-24,House,"Acc Maj Otp As Amended Rep RC #46",90,57,0,4,151
485125,306953,2013-04-30,House,"Indef Postpone H A H-98 To C A RC #59",94,49,0,8,151
485125,306954,2013-05-15,House,"Enactment RC #91",88,56,0,7,151
485125,306955,2013-05-02,Senate,"Accept Maj Otp-a Rpt RC #65",19,14,0,2,35
485173,335761,2014-03-06,House,"Acc Maj Ought Not To Pass Rep RC #523",61,74,0,16,151
485173,345483,2014-03-19,Senate,"Indefinitely Postpone RC #465",24,10,0,1,35
485173,348309,2014-03-27,Senate,"Insist/ask Com Of Conf RC #501",9,26,0,0,35
485206,306249,2013-06-17,House,"Acc Maj Otp As Amended Rep RC #329",85,56,0,10,151
485206,306250,2013-07-09,House,"Reconsideration - Veto RC #427",89,53,0,9,151
485206,306251,2013-06-17,Senate,"Accept Maj Otp-a Rpt RC #295",20,15,0,0,35
485241,306026,2013-05-29,House,"Acc Maj Otp As Amended Rep RC #143",40,102,0,9,151
485256,306242,2013-06-13,House,"Adopt Hah-497 To Cah-476 RC #321",111,34,0,6,151
485292,306917,2013-05-01,House,"Acc Maj Ought Not To Pass Rep RC #66",105,40,0,6,151
485809,307321,2013-05-28,House,"Acc Maj Otp As Amended Rep RC #141",127,12,0,12,151
485809,307322,2013-05-31,House,"Enactment RC #170",134,4,0,13,151
485895,306108,2013-05-20,House,"Acc Min Ought To Pass Rep RC #98",43,93,0,15,151
488422,306229,2013-05-02,House,"Final Passage RC #73",137,0,0,14,151
488422,306230,2013-05-28,House,"Reconsideration - Veto RC #130",0,136,0,15,151
488436,306474,2013-04-10,House,"Acc Maj Ought Not To Pass Rep RC #36",98,49,0,4,151
488479,306170,2013-04-09,House,"Acc Maj Ought Not To Pass Rep RC #29",126,16,0,9,151
488608,306314,2013-05-09,House,"Acc Maj Otp As Amended Rep RC #83",140,0,0,11,151
488666,306065,2013-04-30,House,"Enactment RC #57",144,0,0,7,151
488781,306271,2013-04-04,House,"Acc Ought To Pass Rep RC #27",130,6,0,15,151
488920,306227,2013-06-05,House,"Final Passage RC #204",138,0,0,13,151
488975,306383,2013-05-29,Senate,"Accept Maj Ontp Rpt RC #117",14,21,0,0,35
488995,305999,2013-05-30,Senate,"Accept Min Otp Rpt RC #126",15,20,0,0,35
489038,306475,2013-05-30,Senate,"Accept Maj Otp-a Rpt RC #127",16,19,0,0,35
489038,306476,2013-06-18,House,"Acc Maj Otp As Amended Rep RC #354",69,73,0,9,151
489077,306447,2013-05-22,House,"Enactment RC #125",59,86,0,6,151
489137,306816,2013-04-03,Senate,"Enactment RC #28",19,16,0,0,35
489137,306817,2013-04-09,Senate,"Veto Override (2/3) RC #36",19,16,0,0,35
489137,306818,2013-03-26,House,"Acc Maj Ought To Pass Rep RC #8",82,63,0,6,151
489137,306819,2013-04-02,House,"Enactment RC #20",91,56,0,4,151
489175,307026,2013-07-09,House,"Enactment - Mandate RC #422",141,1,0,9,151
489277,307010,2013-06-19,House,"Enactment RC #381",132,16,0,3,151
489448,327766,2014-02-25,House,"Acc Maj Otp As Amended Rep RC #502",139,7,0,5,151
489448,344064,2014-03-18,Senate,"Indef Postpone Sas-423 RC #462",18,17,0,0,35
489448,344065,2014-03-18,Senate,"Adopt Cah-608 RC #463",24,11,0,0,35
489448,357413,2014-04-17,House,"Enactment RC #724",130,13,0,8,151
489448,361382,2014-05-01,House,"Reconsideration - Veto RC #750",131,15,0,5,151
489448,361383,2014-05-01,Senate,"Veto Override (2/3) RC #646",21,14,0,0,35
490320,306080,2013-05-21,Senate,"Enactment RC #93",35,0,0,0,35
490497,306402,2013-04-09,House,"Acc Maj Ought Not To Pass Rep RC #33",47,95,0,9,151
490497,306403,2013-04-25,Senate,"Accept Maj Ontp Rpt RC #52",21,13,0,1,35
490497,306404,2013-05-01,Senate,"Insist RC #61",20,14,0,1,35
490891,346784,2014-03-19,House,"Acc Maj Otp As Amended Rep RC #543",101,38,0,12,151
490891,357382,2014-04-16,Senate,"Enactment RC #596",29,5,0,1,35
490891,361787,2014-05-01,Senate,"Veto Override (2/3) RC #625",30,5,0,0,35
490891,361788,2014-05-01,House,"Reconsideration - Veto RC #789",115,32,0,4,151
490907,306822,2013-05-31,House,"Enactment RC #162",128,10,0,13,151
490907,306823,2013-06-03,Senate,"Enactment RC #141",34,0,0,1,35
490921,307078,2013-04-23,House,"Acc Min Otp As Amended Rep RC #41",35,111,0,5,151
490921,307079,2013-04-23,House,"Acc Maj Otp As Amended Rep RC #42",106,40,0,5,151
490921,307080,2013-04-25,House,"Enactment - Mandate RC #52",114,33,0,4,151
490921,307081,2013-04-24,Senate,"Accept Maj Otp-a Rpt RC #47",27,8,0,0,35
490921,307082,2013-04-25,Senate,"Enact-mandate 2/3 Elect RC #54",25,8,0,2,35
490995,306710,2013-05-21,House,"Acc Maj Ought Not To Pass Rep RC #110",82,61,0,8,151
490995,306711,2013-05-23,Senate,"Accept Maj Ontp Rpt RC #110",20,15,0,0,35
491015,306320,2013-05-30,House,"Acc Maj Ought Not To Pass Rep RC #154",133,8,0,10,151
491063,306922,2013-05-21,House,"Acc Maj Ought Not To Pass Rep RC #113",117,29,0,5,151
491121,307137,2013-06-04,House,"Acc Maj Otp As Amended Rep RC #188",83,55,0,13,151
491152,307141,2013-05-21,Senate,"Accept Min Otp Rpt RC #87",20,15,0,0,35
491152,307142,2013-05-29,House,"Acc Min Ought To Pass Rep RC #151",59,80,0,12,151
492816,306324,2013-05-14,House,"Acc Maj Ought Not To Pass Rep RC #86",83,56,0,12,151
492816,306325,2013-05-15,Senate,"Accept Maj Ontp Rpt RC #74",26,9,0,0,35
492848,306134,2013-03-14,House,"Acc Maj Ought To Pass Rep RC #7",84,52,0,15,151
492848,306135,2013-04-23,House,"Enactment RC #40",89,57,0,5,151
492848,306136,2013-05-07,House,"Reconsideration - Veto RC #75",88,55,0,8,151
492848,306137,2013-04-04,Senate,"Accept Maj Otp Rpt RC #33",23,12,0,0,35
492848,306138,2013-04-24,Senate,"Enactment RC #49",24,11,0,0,35
492874,306869,2013-05-16,House,"Adopt Cah-166 RC #92",81,62,0,8,151
492874,306870,2013-05-20,Senate,"Accept Maj Otp-a Rpt RC #81",24,11,0,0,35
492874,306871,2013-06-27,Senate,"Pass To Be Engrossed As Amend RC #359",20,14,0,1,35
492896,306980,2013-06-10,House,"Acc Maj Ought Not To Pass Rep RC #266",101,32,0,18,151
492908,306370,2013-05-16,House,"Enactment - Emer RC #93",123,21,0,7,151
492964,308584,2013-05-02,House,"Final Passage - Emer RC #71",138,0,0,13,151
492968,306405,2013-05-22,House,"Reconsideration - Veto RC #127",88,55,0,8,151
492971,306373,2013-06-05,House,"Enactment - Emer RC #197",140,1,0,10,151
492971,309592,2014-01-16,House,"Reconsideration - Veto RC #465",131,10,0,10,151
492971,310106,2014-01-21,Senate," RC #387",30,4,0,0,34
492977,306176,2013-06-17,House,"Acc Maj Otp As Amended Rep RC #335",81,57,0,13,151
492977,306177,2013-06-18,House,"Enactment RC #350",81,61,0,9,151
492977,306178,2013-06-17,Senate,"Accept Maj Otp-a Rpt RC #299",20,15,0,0,35
492992,306396,2013-06-03,Senate,"Accept Maj Ontp Rpt RC #143",20,14,0,1,35
493016,306889,2013-05-22,House,"Acc Maj Otp As Amended Rep RC #119",84,57,0,10,151
493016,306890,2013-06-10,House,"Adopt Hbh-410 To Cah-204 RC #247",82,61,0,8,151
493016,306891,2013-06-10,House,"Adopt C A As Am By Hbh-410 RC #248",85,58,0,8,151
493016,306892,2013-06-13,House,"Recede And Concur RC #307",81,67,0,3,151
493016,306893,2013-06-26,House,"Reconsideration - Veto RC #408",79,69,0,3,151
493016,306894,2013-05-30,Senate,"Accept Maj Otp-a Rpt RC #128",20,15,0,0,35
493069,306379,2013-05-29,Senate,"Acceptance Of Report RC #115",35,0,0,0,35
493181,307019,2013-05-29,Senate,"Accept Maj Ontp Rpt RC #118",16,19,0,0,35
493181,307020,2013-05-30,House,"Acc Maj Ought Not To Pass Rep RC #157",103,35,0,13,151
493213,307066,2013-04-03,Senate,"Enact-emer 2/3 Elect RC #27",35,0,0,0,35
493213,307067,2013-04-02,House,"Enactment - Emer RC #18",142,1,0,8,151
493651,357381,2014-04-16,Senate,"Accept Maj Otp-a Rpt RC #587",35,0,0,0,35
494608,307264,2013-05-23,Senate,"Accept Maj Ontp Rpt RC #109",15,20,0,0,35
494608,307265,2013-07-09,Senate,"Veto Override (2/3) RC #369",22,11,0,2,35
494608,307266,2013-05-29,House,"Acc Maj Ought Not To Pass Rep RC #148",28,113,0,10,151
494608,307267,2013-07-09,House,"Reconsideration - Veto RC #442",125,17,0,9,151
494994,306352,2013-06-19,House,"Acc Min Otp As Amended Rep RC #382",101,48,0,2,151
494994,306353,2013-06-19,Senate,"Accept Maj Ontp Rpt RC #328",31,4,0,0,35
495067,307362,2013-04-04,House,"Enactment - Emer RC #26",136,0,0,15,151
495768,306000,2013-05-01,Senate,"Enactment RC #63",34,0,0,1,35
495845,305995,2013-04-02,House,"Acc Maj Otp As Amended Rep RC #22",91,52,0,8,151
495845,305996,2013-04-04,Senate,"Accept Maj Otp-a Rpt RC #32",19,16,0,0,35
495885,306393,2013-05-20,House,"Acc Maj Ought Not To Pass Rep RC #108",87,51,0,13,151
496237,306936,2013-05-21,House,"Acc Maj Ought Not To Pass Rep RC #109",128,13,0,10,151
496318,305955,2013-05-22,House,"Acc Maj Ought Not To Pass Rep RC #123",132,9,0,10,151
496359,306433,2013-05-28,House,"Reconsideration - Veto RC #137",85,54,0,12,151
496435,306289,2013-06-10,Senate,"Enactment RC #211",34,0,0,1,35
496591,307161,2013-05-01,House,"Acc Maj Otp As Amended Rep RC #65",107,33,0,11,151
496591,307162,2013-05-07,Senate,"Accept Maj Otp-a Rpt RC #69",28,6,0,1,35
496627,306381,2013-05-15,House,"Acc Maj Ought Not To Pass Rep RC #88",93,49,0,9,151
496627,306382,2013-05-22,Senate,"Accept Maj Ontp Rpt RC #100",18,17,0,0,35
496930,306578,2013-04-25,House,"Acc Maj Ought Not To Pass Rep RC #54",98,49,0,4,151
497044,307290,2013-06-13,House,"Acc Maj Otp As Amended Rep RC #322",132,13,0,6,151
497083,306903,2013-04-30,House,"Acc Rep A Otp As Amended By Ca RC #64",86,57,0,8,151
497083,306904,2013-07-09,House,"Reconsideration - Veto RC #437",87,54,0,10,151
497083,306905,2013-05-02,Senate,"Accept Rpt 'a' Otp-a RC #64",20,13,0,2,35
497151,307027,2013-06-10,House,"Acc Min Ought Not To Pass Rep RC #261",60,79,0,12,151
497151,307028,2013-06-11,Senate,"Accept Min Ontp Rpt RC #241",22,12,0,1,35
497165,306311,2013-06-18,House,"Acc Report 'a' Otp As Amend RC #344",59,82,0,10,151
497165,306312,2013-06-18,House,"Insist RC #358",83,53,0,15,151
497182,307242,2013-05-23,Senate,"Accept Maj Otp Rpt RC #111",20,15,0,0,35
497182,307243,2013-06-17,Senate,"Veto Override (2/3) RC #291",18,17,0,0,35
497182,307244,2013-05-28,House,"Acc Maj Ought To Pass Rep RC #132",85,54,0,12,151
497193,307291,2013-05-07,Senate,"Accept Maj Ontp Rpt RC #70",28,6,0,1,35
497193,307292,2013-05-09,House,"Reconsider RC #84",57,85,0,9,151
497238,307087,2013-06-11,House,"Acc Maj Otp As Amended Rep RC #271",89,56,0,6,151
497238,307088,2013-06-12,Senate,"Accept Maj Otp-a Rpt RC #249",21,14,0,0,35
497383,306009,2013-06-11,Senate,"Accept Maj Otp-a Rpt RC #246",18,16,0,1,35
497383,306010,2013-06-27,Senate,"Enactment RC #353",19,16,0,0,35
497383,306011,2013-07-09,Senate,"Veto Override (2/3) RC #366",17,16,0,2,35
497383,306012,2013-06-14,House,"Acc Maj Otp As Amended Rep RC #325",81,56,0,14,151
497420,306038,2013-04-30,House,"Enactment RC #58",143,0,0,8,151
497420,357697,2014-04-17,House,"Enactment RC #722",98,45,0,8,151
497420,361976,2014-05-01,Senate,"Veto Override (2/3) RC #627",30,5,0,0,35
497420,361977,2014-05-01,House,"Reconsideration - Veto RC #791",111,35,0,5,151
497489,306053,2013-06-06,Senate,"Acceptance Of Report RC #175",20,15,0,0,35
497489,306054,2013-06-26,Senate,"Veto Override (2/3) RC #339",20,15,0,0,35
497489,306055,2013-06-10,House,"Acc Ought To Pass As Amend Rep RC #264",89,48,0,14,151
497522,306048,2013-05-30,Senate,"Accept Maj Ontp Rpt RC #123",19,16,0,0,35
497522,306049,2013-06-03,House,"Acc Maj Ought Not To Pass Rep RC #182",83,59,0,9,151
500525,306069,2013-06-07,House,"Acc Maj Ought Not To Pass Rep RC #232",72,66,0,13,151
500525,306070,2013-06-12,Senate,"Accept Maj Ontp Rpt RC #264",18,17,0,0,35
500802,306074,2013-05-21,Senate,"Enactment RC #94",35,0,0,0,35
500821,306022,2013-06-12,House,"Acc Ought To Pass As Amend Rep RC #292",101,48,0,2,151
500821,306023,2013-06-26,House,"Reconsideration - Veto RC #413",107,39,0,5,151
500821,306024,2013-06-26,Senate,"Veto Override (2/3) RC #351",27,8,0,0,35
500908,307319,2013-06-17,House,"Reconsideration - Veto RC #331",82,60,0,9,151
500950,306122,2013-04-10,House,"Acc Maj Ought To Pass Rep RC #35",147,0,0,4,151
500968,306940,2013-05-01,House,"Acc Maj Ought Not To Pass Rep RC #67",111,34,0,6,151
501027,306111,2013-06-18,House,"Acc Maj Otp As Amended Rep RC #348",123,18,0,10,151
501280,306935,2013-06-10,House,"Acc Maj Ought Not To Pass Rep RC #258",86,54,0,11,151
501429,307261,2013-06-11,Senate,"Enactment RC #231",34,0,0,1,35
501496,306017,2013-05-28,House,"Enactment RC #139",139,0,0,12,151
501537,306984,2013-06-11,Senate,"Accept Maj Otp-a Rpt RC #236",24,10,0,1,35
501597,316826,2014-02-04,Senate,"Accept Maj Ontp Rpt RC #392",19,15,0,1,35
501597,326656,2014-02-18,House,"Acc Maj Ought Not To Pass Rep RC #497",76,65,0,10,151
501631,307304,2013-04-02,House,"Acc Maj Ought Not To Pass Rep RC #15",134,7,0,10,151
501662,350900,2014-04-01,Senate,"Accept Min Otp Rpt RC #518",17,16,0,2,35
501662,350901,2014-04-02,Senate,"Ptbe RC #523",17,17,0,1,35
501662,352642,2014-04-03,House,"Acc Min Ought To Pass Rep RC #626",60,85,0,6,151
501681,307318,2013-06-10,Senate,"Accept Maj Ontp Rpt RC #208",19,15,0,1,35
501711,307315,2013-06-07,Senate,"Accept Maj Ontp Rpt RC #206",21,13,0,1,35
501711,307316,2013-06-11,House,"Table Until Later RC #278",60,87,0,4,151
501711,307317,2013-06-11,House,"Reconsider RC #279",90,57,0,4,151
501719,346796,2014-03-19,Senate,"Indefinitely Postpone RC #466",29,5,0,1,35
501734,307320,2013-05-15,Senate,"Veto Override (2/3) RC #73",23,12,0,0,35
501748,330739,2014-02-26,Senate,"Enactment RC #425",24,11,0,0,35
501784,307288,2013-05-28,House,"Acc Maj Ought Not To Pass Rep RC #140",125,13,0,13,151
501784,307289,2013-05-29,Senate,"Accept Maj Ontp Rpt RC #112",20,15,0,0,35
501816,306007,2013-02-19,House,"First Reading Pur To Jr 308 RC #1",124,15,0,12,151
501816,306008,2013-02-19,House,"Dispense With Reading Of Bill RC #2",107,32,0,12,151
501816,306359,2013-02-19,Senate,"Final Passage-emer 2/3 Elect RC #2",33,0,0,2,35
501816,306360,2013-02-19,House,"Final Passage - Emer RC #3",129,11,0,11,151
509876,306260,2013-06-05,Senate,"Acceptance Of Report RC #159",35,0,0,0,35
509935,306285,2013-04-10,Senate,"Accept Maj Ontp Rpt RC #39",12,22,0,1,35
509935,306286,2013-04-24,House,"Acc Maj Ought Not To Pass Rep RC #44",30,113,0,8,151
509935,306287,2013-04-24,House,"Acc Min Otp As Amended Rep RC #45",123,21,0,7,151
509969,306274,2013-06-03,House,"Final Passage RC #178",141,0,0,10,151
510031,306059,2013-06-17,House,"Acc Report 'b' Otp As Amend RC #340",49,89,0,13,151
510031,306060,2013-06-19,House,"Recede And Concur RC #391",78,68,0,5,151
510031,306061,2013-06-19,Senate,"Commit RC #322",19,16,0,0,35
510031,351652,2014-03-31,House,"Acc Min Ought Not To Pass Rep RC #598",48,89,0,14,151
510031,351653,2014-04-03,Senate,"Accept Min Ontp Rpt RC #532",21,14,0,0,35
510031,353160,2014-04-04,House,"Insist RC #639",51,89,0,11,151
510063,307184,2013-03-27,House,"Acc Maj Otp As Amended Rep RC #11",86,58,0,7,151
510063,307185,2013-03-27,House,"Indef Pp Cah-16 RC #12",13,128,0,10,151
510063,307186,2013-07-09,House,"Reconsideration - Veto RC #433",89,54,0,8,151
510063,307187,2013-04-02,Senate,"Accept Maj Otp-a Rpt RC #24",19,16,0,0,35
510063,307188,2013-06-27,Senate,"Enactment RC #354",19,16,0,0,35
510069,305972,2013-06-17,House,"Reconsideration - Veto RC #330",83,58,0,10,151
510150,305964,2013-06-06,House,"Acc Maj Otp As Amended Rep RC #214",94,52,0,5,151
510150,305965,2013-06-26,House,"Reconsideration - Veto RC #399",96,52,0,3,151
510150,305966,2013-06-06,Senate,"Accept Maj Otp-a Rpt RC #178",23,12,0,0,35
510156,305992,2013-05-20,House,"Acc Maj Otp As Amended Rep RC #106",122,18,0,11,151
510156,305993,2013-06-06,House,"Indef Pp Hbh-378 RC #228",72,73,0,6,151
510156,305994,2013-05-30,Senate,"Accept Maj Otp-a Rpt RC #132",19,16,0,0,35
510212,306091,2013-05-21,Senate,"Enactment RC #95",34,1,0,0,35
510372,306319,2013-06-06,House,"Final Passage RC #221",92,51,0,8,151
510386,306336,2013-04-23,Senate,"Accept Maj Otp-a Rpt RC #46",22,13,0,0,35
510386,306337,2013-04-25,House,"Acc Maj Otp As Amended Rep RC #50",93,55,0,3,151
510386,306338,2013-05-02,House,"Enactment RC #72",91,46,0,14,151
510402,306357,2013-08-29,Senate,"Enact-bond Issue 2/3 Vote RC #386",33,0,0,1,34
510402,306358,2013-08-29,House,"Enactment - Bond Issue RC #460",120,8,0,23,151
510488,306126,2013-05-28,House,"Acc Maj Otp As Amended Rep RC #142",118,22,0,11,151
512708,347938,2014-03-26,Senate,"Accept Maj Ontp Rpt RC #493",26,9,0,0,35
512708,349123,2014-03-27,House,"Acc Maj Ought Not To Pass Rep RC #581",81,52,0,18,151
512777,306003,2013-06-11,House,"Acc Maj Ought Not To Pass Rep RC #282",74,73,0,4,151
512777,306004,2013-06-12,Senate,"Table Until Later RC #251",16,19,0,0,35
512777,306005,2013-06-12,Senate,"Accept Maj Ontp Rpt RC #252",21,14,0,0,35
512777,306006,2013-06-13,Senate," RC #279",14,21,0,0,35
512821,307153,2013-05-02,House,"Acc Maj Ought To Pass Rep RC #69",98,39,0,14,151
512821,307154,2013-05-20,House,"Enactment RC #102",110,29,0,12,151
512821,307155,2013-05-21,Senate,"Enactment RC #96",29,6,0,0,35
512929,306322,2013-06-14,Senate,"Pass To Be Engrossed As Amend RC #280",19,15,0,1,35
512929,306323,2013-07-09,Senate,"Veto Override (2/3) RC #367",18,15,0,2,35
513021,306313,2013-05-29,Senate,"Enactment RC #119",35,0,0,0,35
513074,306614,2013-06-10,House,"Acc Maj Otp As Amended Rep RC #245",87,56,0,8,151
513074,306615,2013-06-10,Senate,"Accept Maj Otp-a Rpt RC #215",18,16,0,1,35
513166,305958,2013-06-06,House,"Acc Maj Ought Not To Pass Rep RC #215",110,34,0,7,151
513185,306374,2013-05-20,House,"Acc Maj Ought Not To Pass Rep RC #107",114,24,0,13,151
513278,307008,2013-06-10,House,"Acc Maj Otp As Amended Rep RC #249",79,57,0,15,151
513278,307009,2013-06-11,Senate,"Accept Maj Otp-a Rpt RC #224",20,14,0,1,35
513290,306385,2013-05-30,House,"Acc Maj Otp As Amended Rep RC #158",85,55,0,11,151
513290,306386,2013-06-19,House,"Table Until Later RC #365",83,57,0,11,151
513290,306387,2013-06-19,House,"Reconsideration - Veto RC #383",97,53,0,1,151
513290,306388,2013-06-03,Senate,"Accept Maj Otp-a Rpt RC #144",21,13,0,1,35
513290,306389,2013-06-06,Senate,"Enactment RC #163",23,12,0,0,35
513302,306293,2013-06-05,House,"Final Passage RC #205",101,42,0,8,151
513302,306294,2013-06-19,House,"Reconsideration - Veto RC #364",85,55,0,11,151
513312,307054,2013-05-29,House,"Final Passage RC #150",112,28,0,11,151
514438,306354,2013-04-25,House,"Enactment - Mandate RC #55",147,0,0,4,151
514438,306355,2013-04-25,Senate,"Enact-mandate 2/3 Elect RC #53",34,0,0,1,35
515076,306232,2013-06-03,Senate,"Enactment RC #146",34,0,0,1,35
515087,306263,2013-04-10,House,"Acc Maj Otp As Amended Rep RC #34",112,34,0,5,151
515087,306264,2013-04-24,Senate,"Accept Maj Otp-a Rpt RC #48",19,16,0,0,35
516324,305978,2013-06-10,House,"Enactment RC #242",77,66,0,8,151
516324,305979,2013-06-03,Senate,"Indef Post Hah-183 RC #149",20,14,0,1,35
516324,305980,2013-06-03,Senate,"Pass To Be Engrossed As Amend RC #150",20,14,0,1,35
516324,305981,2013-06-10,Senate,"Enactment RC #217",19,15,0,1,35
517701,307293,2013-06-11,House,"Adopt H B H-444 To C A 393 RC #276",141,4,0,6,151
517701,307294,2013-06-12,Senate,"Accept Rpt 'a' Otp-a RC #253",31,4,0,0,35
517701,307295,2013-06-12,Senate,"Reconsider RC #254",35,0,0,0,35
517701,307296,2013-06-12,Senate,"Adopt Hb To Ca RC #255",35,0,0,0,35
518139,307085,2013-06-12,Senate,"Adopt Sas-274 To Cas-231 RC #258",35,0,0,0,35
518139,307086,2013-06-11,House,"Enactment RC #283",125,19,0,7,151
518169,307075,2013-06-06,Senate,"Enactment RC #164",24,11,0,0,35
518169,307076,2013-06-18,Senate,"Veto Override (2/3) RC #316",20,15,0,0,35
518169,307077,2013-05-30,House,"Acc Maj Otp As Amended Rep RC #153",85,55,0,11,151
518202,307099,2013-06-18,Senate,"Accept Maj Otp-a Rpt RC #310",24,11,0,0,35
518202,307100,2013-06-18,House,"Acc Maj Otp As Amended Rep RC #359",127,10,0,14,151
518216,307101,2013-06-06,Senate,"Accept Maj Ontp Rpt RC #177",18,17,0,0,35
518216,307102,2013-06-10,House,"Acc Maj Ought Not To Pass Rep RC #234",84,53,0,14,151
518256,307182,2013-07-09,Senate,"Veto Override (2/3) RC #362",21,12,0,2,35
518256,307183,2013-06-18,House,"Acc Min Otp As Amended Rep RC #347",86,56,0,9,151
518314,306949,2013-05-31,House,"Acc Maj Otp As Amended Rep RC #164",87,52,0,12,151
518314,306950,2013-06-26,House,"Reconsideration - Veto RC #400",91,57,0,3,151
518314,306951,2013-06-03,Senate,"Accept Maj Otp-a Rpt RC #137",20,14,0,1,35
518323,306123,2013-06-12,House,"Acc Maj Otp As Amended Rep RC #299",64,78,0,9,151
518323,306124,2013-06-12,House,"Acc Min Ought Not To Pass Rep RC #300",97,47,0,7,151
518323,306125,2013-06-13,Senate,"Accept Min Ontp Rpt RC #269",35,0,0,0,35
518329,306253,2013-05-29,House,"Acc Maj Ought Not To Pass Rep RC #144",62,81,0,8,151
518329,306254,2013-05-30,Senate,"Accept Maj Ontp Rpt RC #122",25,9,0,1,35
518344,307051,2013-05-22,House,"Acc Min Otp As Amended Rep RC #121",81,62,0,8,151
518344,307052,2013-05-30,Senate,"Accept Min Otp-a Rpt RC #129",17,18,0,0,35
518373,306989,2013-06-10,House,"Acc Maj Ought Not To Pass Rep RC #260",89,51,0,11,151
518373,306990,2013-06-11,Senate,"Accept Maj Ontp Rpt RC #226",19,15,0,1,35
518381,306148,2013-06-12,House,"Acc Maj Ought Not To Pass Rep RC #295",90,53,0,8,151
518381,306149,2013-06-13,Senate,"Accept Maj Ontp Rpt RC #270",21,14,0,0,35
518388,306268,2013-05-07,Senate,"Enactment RC #71",34,0,0,1,35
518527,307060,2013-06-06,House,"Acc Maj Ought To Pass Rep RC #224",90,52,0,9,151
518527,307061,2013-06-26,House,"Reconsideration - Veto RC #401",92,56,0,3,151
518527,307062,2013-06-11,Senate,"Enactment RC #234",20,14,0,1,35
518566,305975,2013-08-29,House,"Enactment - Bond Issue RC #458",103,26,0,22,151
518566,305976,2013-08-29,Senate,"Enact-bond Issue 2/3 Vote RC #387",30,3,0,1,34
518577,306326,2013-06-19,Senate,"Accept Maj Otp-a Rpt RC #324",18,17,0,0,35
518577,306327,2013-06-27,Senate,"Pass To Be Engrossed As Amend RC #361",16,17,0,2,35
518596,306315,2013-04-24,House,"Acc Maj Ought Not To Pass Rep RC #48",89,56,0,6,151
518596,306317,2013-04-25,Senate,"Accept Maj Ontp Rpt RC #50",21,13,0,1,35
521355,306255,2013-06-12,House,"Acc Ought To Pass As Amend Rep RC #288",77,68,0,6,151
521375,307095,2013-06-03,House,"Acc Maj Otp As Amended Rep RC #185",101,42,0,8,151
521375,307096,2013-06-20,House,"Reconsideration - Veto RC #396",89,43,0,19,151
521375,307097,2013-06-20,Senate,"Veto Override (2/3) RC #337",20,15,0,0,35
521440,306112,2013-06-07,House,"Acc Maj Otp As Amended Rep RC #229",93,49,0,9,151
521440,306113,2013-06-13,House,"Enactment RC #323",98,47,0,6,151
521445,307013,2013-06-06,Senate,"Enactment RC #165",35,0,0,0,35
521449,306910,2013-04-30,House,"Acc Maj Otp As Amended Rep RC #63",105,37,0,9,151
521470,306261,2013-04-24,House,"Acc Maj Ought Not To Pass Rep RC #47",92,53,0,6,151
521470,306262,2013-04-25,Senate,"Accept Maj Ontp Rpt RC #51",21,13,0,1,35
521478,308414,2013-06-05,House,"Final Passage - Emer RC #199",140,0,0,11,151
521483,306995,2013-05-31,House,"Acc Maj Otp As Amended Rep RC #165",88,50,0,13,151
521483,306996,2013-07-09,House,"Reconsideration - Veto RC #438",90,52,0,9,151
521483,306997,2013-06-03,Senate,"Accept Maj Otp-a Rpt RC #138",20,14,0,1,35
521500,305984,2013-06-10,House,"Acc Maj Otp As Amended Rep RC #255",83,55,0,13,151
521500,305985,2013-06-26,House,"Reconsideration - Veto RC #405",98,50,0,3,151
521500,305986,2013-06-12,Senate,"Final Passage RC #260",24,11,0,0,35
521593,306174,2013-06-06,House,"Acc Min Ought To Pass Rep RC #223",127,17,0,7,151
521593,306175,2013-06-11,Senate,"Accept Min Otp Rpt RC #243",30,4,0,1,35
521608,306182,2013-05-29,House,"Acc Maj Ought Not To Pass Rep RC #145",92,52,0,7,151
521608,306183,2013-05-30,Senate,"Accept Maj Ontp Rpt RC #124",20,15,0,0,35
521651,306142,2013-05-14,House,"Acc Maj Ought Not To Pass Rep RC #87",79,59,0,13,151
521657,307246,2013-06-11,House,"Acc Maj Otp As Amended Rep RC #280",147,0,0,4,151
521662,315840,2014-02-04,Senate,"Accept Maj Ontp Rpt RC #391",30,5,0,0,35
522097,307297,2013-06-03,House,"Acc Maj Ought Not To Pass Rep RC #181",85,57,0,9,151
522145,307063,2013-06-17,Senate,"Pass To Be Engrossed As Amend RC #301",35,0,0,0,35
523368,307194,2013-06-18,Senate,"Accept Maj Otp-a Rpt RC #309",31,4,0,0,35
523368,307195,2013-07-09,Senate,"Veto Override (2/3) RC #382",17,15,0,3,35
523368,307196,2013-06-19,House,"Adopt Hah-557 To Cas-303 RC #371",142,1,0,8,151
523368,307197,2013-06-19,House,"Enactment RC #393",136,6,0,9,151
523932,306131,2013-06-26,House,"Reconsideration - Veto RC #412",94,52,0,5,151
524072,306993,2013-06-10,House,"Acc Maj Ought Not To Pass Rep RC #262",119,19,0,13,151
524072,306994,2013-06-11,Senate,"Accept Maj Ontp Rpt RC #235",34,0,0,1,35
524102,306413,2013-05-21,House,"Final Passage - Emer RC #111",144,0,0,7,151
524102,306414,2013-05-22,Senate,"Final Passage-emer 2/3 Elect RC #97",35,0,0,0,35
524366,306100,2013-06-17,Senate,"Accept Maj Ontp Rpt RC #296",20,15,0,0,35
524366,306101,2013-06-17,House,"Acc Maj Ought Not To Pass Rep RC #343",80,54,0,17,151
524961,321660,2014-02-13,Senate,"Accept Maj Otp-a Rpt RC #398",18,15,0,2,35
524961,326654,2014-02-20,House,"Enactment RC #501",87,53,0,11,151
524961,352669,2014-04-07,House,"Recede And Concur RC #657",54,85,0,12,151
524961,352670,2014-04-07,House,"Insist RC #658",85,54,0,12,151
524961,355423,2014-04-10,House,"Recede RC #691",56,87,0,8,151
524961,355424,2014-04-10,House,"Join In Comm Of Conference RC #692",86,56,0,9,151
524971,307282,2013-05-31,House,"Final Passage - Emer RC #161",133,1,0,17,151
524984,362030,2014-05-01,House,"Reconsideration - Veto RC #763",124,22,0,5,151
524984,362031,2014-05-01,Senate,"Veto Override (2/3) RC #654",35,0,0,0,35
525008,307268,2013-06-03,House,"Acc Maj Ought Not To Pass Rep RC #173",79,60,0,12,151
525008,307269,2013-06-03,Senate,"Accept Maj Ontp Rpt RC #152",20,14,0,1,35
525044,306923,2013-06-03,House,"Acc Maj Otp As Amended Rep RC #184",90,52,0,9,151
525044,306924,2013-06-10,House,"Enactment RC #243",92,51,0,8,151
525044,306925,2013-06-26,House,"Reconsideration - Veto RC #402",96,52,0,3,151
525044,306926,2013-06-05,Senate,"Accept Maj Otp-a Rpt RC #160",20,15,0,0,35
525156,307151,2013-05-07,House,"Acc Maj Ought Not To Pass Rep RC #76",113,29,0,9,151
525243,305987,2013-06-19,House,"Acc Ought To Pass As Amend Rep RC #386",140,9,0,2,151
525258,306992,2013-06-10,House,"Acc Maj Otp As Amended Rep RC #259",140,0,0,11,151
525325,357395,2014-04-17,House,"Enactment RC #721",143,0,0,8,151
525325,361436,2014-05-01,House,"Reconsideration - Veto RC #786",138,8,0,5,151
525325,361437,2014-05-01,Senate,"Veto Override (2/3) RC #661",20,15,0,0,35
525361,348819,2014-03-28,House,"Acc Maj Ought Not To Pass Rep RC #592",80,57,0,14,151
525815,306077,2013-06-04,Senate,"Accept Maj Otp-a Rpt RC #155",17,18,0,0,35
525815,306078,2013-06-06,Senate,"Recede And Concur RC #168",22,13,0,0,35
525815,306079,2013-06-05,House,"Acc Maj Otp As Amended Rep RC #194",95,52,0,4,151
528326,306421,2013-06-18,House,"Acc Maj Otp As Amended Rep RC #363",80,57,0,14,151
528326,306422,2013-06-18,Senate,"Accept Maj Otp-a Rpt RC #317",20,15,0,0,35
528349,306014,2013-04-23,House,"Acc Maj Ought Not To Pass Rep RC #38",137,7,0,7,151
528556,306050,2013-06-03,House,"Acc Min Otp As Amended Rep RC #175",84,56,0,11,151
528556,306051,2013-06-11,Senate,"Accept Maj Ontp Rpt RC #229",23,11,0,1,35
528601,308405,2014-01-14,House,"Reconsideration - Veto RC #463",88,54,0,9,151
528763,307167,2013-06-11,House,"Acc Maj Ought Not To Pass Rep RC #277",124,23,0,4,151
528832,307365,2013-06-05,House,"Enactment - Mandate RC #202",147,0,0,4,151
528878,305988,2013-06-11,House,"Acc Maj Ought Not To Pass Rep RC #285",84,55,0,12,151
528901,305973,2013-06-06,House,"Acc Maj Ought Not To Pass Rep RC #216",85,57,0,9,151
528901,305974,2013-06-06,Senate,"Accept Maj Ontp Rpt RC #176",20,15,0,0,35
528925,306279,2013-06-19,House,"Acc Report 'a' Otp Am RC #373",74,71,0,6,151
528925,306280,2013-06-19,Senate,"Accept Rpt 'a' Otp-a RC #325",17,18,0,0,35
528925,306281,2013-06-20,Senate,"Accept Rpt 'b' Otp-a RC #336",5,30,0,0,35
530283,307072,2013-05-07,House,"Acc Maj Ought Not To Pass Rep RC #77",83,59,0,9,151
530464,307305,2013-05-28,House,"Acc Ought To Pass As Amend Rep RC #138",139,0,0,12,151
530480,307309,2013-06-04,Senate,"Accept Maj Otp Rpt RC #154",22,13,0,0,35
530480,307310,2013-06-13,Senate,"Recommit Bill & Papers RC #278",20,15,0,0,35
530480,307311,2013-06-14,Senate,"Recommit Bill & Papers RC #283",22,12,0,1,35
530480,307312,2013-06-14,Senate,"Commit Bill And Papers To Edu RC #284",22,12,0,1,35
530480,307313,2013-06-05,House,"Acc Maj Ought To Pass Rep RC #193",89,57,0,5,151
530480,307314,2013-06-10,House,"Enactment - Emer RC #241",87,54,0,10,151
530480,357626,2014-04-17,Senate,"Reconsider RC #600",16,19,0,0,35
530480,357627,2014-04-17,Senate,"Enact-emer 2/3 Elect RC #601",21,14,0,0,35
530480,357628,2014-04-14,House,"Acc Maj Ought To Pass Rep RC #704",91,56,0,4,151
530671,306044,2013-05-20,House,"Final Passage RC #103",124,15,0,12,151
530691,306062,2013-06-19,Senate,"Veto Override (2/3) RC #323",20,15,0,0,35
532231,306121,2013-06-04,House,"Acc Report 'a' Ontp RC #192",127,13,0,11,151
532366,306127,2013-06-10,House,"Acc Maj Otp As Amended Rep RC #252",19,120,0,12,151
532366,306128,2013-06-11,Senate,"Pass To Be Engrossed As Amend RC #240",9,25,0,1,35
532385,342395,2014-03-11,House,"Acc Report B Ought Not To Pass RC #530",68,71,0,12,151
532385,342396,2014-03-11,House,"Adopt Hah-674 To Cah-618 RC #531",83,56,0,12,151
532385,345765,2014-03-18,Senate,"Accept Rpt ""b"" Ontp Rpt RC #461",14,21,0,0,35
532385,347100,2014-03-20,House,"Indef Postpone Bill & Papers RC #549",68,69,0,14,151
532385,347101,2014-03-20,House,"Enactment RC #550",60,77,0,14,151
532575,305971,2013-06-17,House,"Acc Maj Ought Not To Pass Rep RC #333",74,66,0,11,151
532590,332088,2014-02-27,House,"Final Passage RC #507",129,9,0,13,151
532612,307001,2013-06-10,House,"Acc Maj Otp As Amended Rep RC #253",93,47,0,11,151
532612,307002,2013-06-26,House,"Reconsideration - Veto RC #406",99,49,0,3,151
532612,307003,2013-06-26,Senate,"Veto Override (2/3) RC #349",21,14,0,0,35
532629,306897,2013-04-25,House,"Acc Maj Ought Not To Pass Rep RC #53",87,60,0,4,151
532629,306898,2013-04-30,Senate,"Accept Maj Ontp Rpt RC #59",22,12,0,1,35
532685,305967,2013-05-02,House,"Acc Maj Otp As Amended Rep RC #74",92,46,0,13,151
532685,305968,2013-05-15,Senate,"Accept Maj Otp-a Rpt RC #75",20,15,0,0,35
532725,357669,2014-04-17,House,"Enactment RC #746",138,7,0,6,151
532725,361958,2014-05-01,House,"Reconsideration - Veto RC #751",114,32,0,5,151
532725,361959,2014-05-01,Senate,"Veto Override (2/3) RC #647",31,4,0,0,35
532741,306982,2013-06-11,House,"Reconsideration - Veto RC #284",97,47,0,7,151
532741,306983,2013-06-12,Senate,"Veto Override (2/3) RC #247",21,14,0,0,35
532776,307122,2013-06-11,House,"Acc Maj Otp As Amended Rep RC #273",94,51,0,6,151
532776,307123,2013-06-14,House,"Recede And Concur RC #326",88,52,0,11,151
532776,307124,2013-07-09,House,"Reconsideration - Veto RC #428",91,52,0,8,151
532776,307125,2013-06-12,Senate,"Accept Maj Otp-a Rpt RC #256",21,14,0,0,35
533134,306555,2013-06-12,Senate,"Pass To Be Engrossed As Amend RC #267",20,15,0,0,35
533134,306556,2013-06-17,House,"Reconsider RC #334",50,91,0,10,151
533208,306761,2013-06-06,Senate,"Veto Override (2/3) RC #169",20,15,0,0,35
533208,306762,2013-05-20,House,"Acc Maj Otp As Amended Rep RC #99",78,59,0,14,151
533242,306454,2013-06-05,Senate,"Accept Maj Otp-a Rpt RC #161",20,15,0,0,35
533242,306455,2013-06-10,Senate,"Enactment RC #218",19,15,0,1,35
533242,306456,2013-06-26,Senate,"Veto Override (2/3) RC #341",21,14,0,0,35
533242,306457,2013-06-06,House,"Acc Maj Otp As Amended Rep RC #213",86,57,0,8,151
534721,306018,2013-05-23,House,"Acc Maj Ought Not To Pass Rep RC #129",96,48,0,7,151
534721,306019,2013-05-30,Senate,"Accept Maj Ontp Rpt RC #133",34,1,0,0,35
534763,306399,2013-05-15,House,"Acc Maj Ought Not To Pass Rep RC #89",97,44,0,10,151
534795,307283,2013-06-17,House,"Acc Maj Otp As Amended Rep RC #338",85,55,0,11,151
534795,307284,2013-07-09,House,"Reconsideration - Veto RC #432",89,54,0,8,151
534795,307285,2013-06-17,Senate,"Accept Maj Otp-a Rpt RC #300",21,14,0,0,35
534815,306991,2013-06-10,House,"Acc Maj Ought Not To Pass Rep RC #256",105,34,0,12,151
534827,345401,2014-03-19,House,"Acc Maj Otp As Amended Rep RC #544",86,53,0,12,151
534827,346909,2014-03-24,Senate,"Accept Maj Otp-a Rpt RC #479",24,11,0,0,35
534827,353075,2014-04-08,House,"Reconsideration - Veto RC #681",85,56,0,10,151
534848,306020,2013-06-10,House,"Acc Maj Otp As Amended Rep RC #237",105,35,0,11,151
534848,306021,2013-06-11,Senate,"Accept Maj Otp-a Rpt RC #232",25,9,0,1,35
534873,308605,2013-06-05,House,"Final Passage - Emer RC #200",142,0,0,9,151
534883,307016,2013-05-31,House,"Acc Maj Ought Not To Pass Rep RC #171",95,43,0,13,151
534894,306211,2013-06-03,House,"Acc Maj Otp As Amended Rep RC #174",89,51,0,11,151
534894,306212,2013-06-12,House,"Indef Pp Hbh-439 To Cah-286 RC #290",88,61,0,2,151
534894,306213,2013-06-12,House,"Enactment RC #293",97,51,0,3,151
534894,306214,2013-06-19,House,"Reconsideration - Veto RC #377",97,52,0,2,151
534894,306215,2013-06-19,House,"Reconsider RC #378",93,56,0,2,151
534894,306216,2013-06-19,House,"Table Until Later RC #379",94,55,0,2,151
534894,306217,2013-06-19,House,"Reconsideration - Veto RC #390",95,52,0,4,151
534894,306218,2013-06-06,Senate,"Accept Maj Otp-a Rpt RC #166",21,14,0,0,35
534894,306219,2013-06-06,Senate,"Adopt Sas-221 To Cah-286 RC #167",23,12,0,0,35
534916,306978,2013-06-05,House,"Enactment - Emer RC #198",140,0,0,11,151
534926,306962,2013-05-31,House,"Acc Maj Otp As Amended Rep RC #167",85,54,0,12,151
534926,306963,2013-05-31,House,"Adopt Hah-252 To Cah-131 RC #168",85,53,0,13,151
534926,306964,2013-06-06,House,"Enactment RC #219",86,56,0,9,151
534926,306965,2013-07-09,House,"Reconsideration - Veto RC #434",76,51,0,24,151
534926,306966,2013-06-03,Senate,"Accept Maj Otp-a Rpt RC #147",19,15,0,1,35
534926,306967,2013-06-27,Senate,"Enactment RC #355",28,7,0,0,35
534926,306968,2013-06-27,Senate,"Enactment RC #357",19,16,0,0,35
534938,305959,2013-06-10,House,"Acc Min Ought To Pass Rep RC #238",82,59,0,10,151
534938,305960,2013-06-10,Senate,"Accept Min Otp Rpt RC #213",16,18,0,1,35
534970,307192,2013-06-06,House,"Acc Maj Ought Not To Pass Rep RC #226",74,70,0,7,151
535163,306236,2013-08-29,House,"Enactment - Bond Issue RC #462",114,7,0,30,151
535166,305977,2013-06-10,House,"Enactment RC #244",87,56,0,8,151
535170,306245,2013-06-17,Senate,"Veto Override (2/3) RC #293",21,14,0,0,35
535200,332110,2014-02-27,Senate,"Accept Maj Ontp Rpt RC #431",35,0,0,0,35
535205,306265,2013-06-06,House,"Acc Maj Otp As Amended Rep RC #225",139,3,0,9,151
535261,336160,2014-03-06,House,"Acc Maj Ought Not To Pass Rep RC #520",62,78,0,11,151
535261,340416,2014-03-12,House,"Adopt Hbh-671 To Cah-628 RC #534",84,53,0,14,151
535261,340417,2014-03-12,House,"Second Reading RC #535",86,50,0,15,151
535261,346781,2014-03-20,House,"Table Until Later RC #545",56,73,0,22,151
535261,346782,2014-03-19,Senate,"Table Until Later RC #467",15,19,0,1,35
535261,346783,2014-03-19,Senate,"Indefinitely Postpone RC #468",20,14,0,1,35
535261,348402,2014-03-27,Senate,"Recede RC #502",11,23,0,1,35
535318,308338,2013-04-30,House,"Enactment - Emer RC #56",144,0,0,7,151
535536,308642,2013-06-03,House,"Enactment - Emer RC #177",83,58,0,10,151
535546,306756,2013-06-12,Senate,"Accept Maj Otp-a Rpt RC #265",18,17,0,0,35
535546,306757,2013-07-09,Senate,"Veto Override (2/3) RC #368",17,16,0,2,35
535546,306758,2013-06-13,House,"Acc Maj Otp As Amended Rep RC #319",87,57,0,7,151
536607,306471,2013-07-09,Senate,"Veto Override (2/3) RC #373",22,11,0,2,35
536607,306472,2013-07-09,House,"Reconsideration - Veto RC #443",110,30,0,11,151
536625,306418,2013-05-30,Senate,"Accept Min Otp-a Rpt RC #131",20,15,0,0,35
536625,306419,2013-06-03,House,"Acc Min Otp As Amended Rep RC #172",74,64,0,13,151
536625,306420,2013-06-10,House,"Enactment RC #251",84,57,0,10,151
536638,306406,2013-06-19,Senate,"Commit RC #321",21,13,0,1,35
536672,306440,2013-06-10,Senate,"Accept Maj Otp-a Rpt RC #209",19,15,0,1,35
536672,306441,2013-06-12,Senate,"Enactment RC #259",22,13,0,0,35
536672,306442,2013-06-26,Senate,"Veto Override (2/3) RC #340",20,15,0,0,35
536672,306443,2013-06-11,House,"Acc Maj Otp As Amended Rep RC #269",89,51,0,11,151
536720,349509,2014-04-01,House,"Indef Postpone Bill & Papers RC #607",56,87,0,8,151
536720,349510,2014-04-01,House,"Acc Maj Otp As Amended Rep RC #608",86,58,0,7,151
536720,352168,2014-04-04,House,"Enactment RC #650",81,52,0,18,151
536720,352169,2014-04-02,Senate,"Accept Maj Otp-a Rpt RC #521",19,15,0,1,35
536720,361364,2014-05-01,House,"Reconsideration - Veto RC #764",88,58,0,5,151
536722,306343,2013-06-19,House,"Acc Maj Otp As Amended Rep RC #394",88,51,0,12,151
536722,306344,2013-06-19,House,"Passage To Be Engrossed RC #395",87,48,0,16,151
536743,306432,2013-07-09,Senate,"Veto Override (2/3) RC #372",18,15,0,2,35
536746,306282,2013-06-10,Senate,"Enactment RC #212",34,0,0,1,35
536813,306931,2013-06-12,House,"Enactment RC #289",91,54,0,6,151
536813,306932,2013-07-09,House,"Enactment - Mandate RC #423",92,51,0,8,151
536813,306933,2013-06-11,Senate,"Accept Maj Otp-a Rpt RC #225",20,14,0,1,35
536826,306072,2013-06-11,House,"Acc Maj Otp As Amended Rep RC #274",88,55,0,8,151
536826,306073,2013-06-11,Senate,"Accept Maj Otp-a Rpt RC #239",18,16,0,1,35
536849,306390,2013-05-30,House,"Acc Maj Otp As Amended Rep RC #159",84,54,0,13,151
536849,306391,2013-06-19,House,"Reconsideration - Veto RC #366",86,57,0,8,151
536849,306392,2013-06-03,Senate,"Accept Maj Otp-a Rpt RC #145",20,14,0,1,35
536895,346772,2014-03-18,Senate,"Accept Maj Otp-a Rpt RC #457",18,17,0,0,35
536895,361373,2014-05-01,House,"Reconsideration - Veto RC #775",128,16,0,7,151
536895,361374,2014-05-01,Senate,"Veto Override (2/3) RC #657",22,13,0,0,35
536907,305982,2013-06-19,House,"Acc Maj Refer To Eut Report RC #392",139,5,0,7,151
536907,305983,2013-06-19,Senate,"Accept Majority Rep- Reference RC #333",21,14,0,0,35
536907,347947,2014-03-26,House,"Acc Maj Ought Not To Pass Rep RC #573",70,64,0,17,151
536907,349129,2014-03-27,Senate,"Accept Maj Ontp Rpt RC #507",29,6,0,0,35
537417,306462,2013-05-29,House,"Acc Maj Otp As Amended Rep RC #152",68,72,0,11,151
537417,306463,2013-06-11,House,"Acceptance Of Com Of Conf Rep RC #281",89,57,0,5,151
537417,306464,2013-06-12,House,"Enactment - Mandate RC #302",82,62,0,7,151
537434,307262,2013-06-10,House,"Acc Maj Otp As Amended Rep RC #239",85,56,0,10,151
537434,307263,2013-06-10,Senate,"Accept Maj Otp-a Rpt RC #214",19,15,0,1,35
537940,305961,2013-05-01,House,"Acc Maj Ought Not To Pass Rep RC #68",98,47,0,6,151
537945,357712,2014-04-16,House,"Enactment - Mandate RC #713",106,38,0,7,151
537945,361999,2014-05-01,House,"Reconsideration - Veto RC #765",96,51,0,4,151
537953,307056,2013-05-31,House,"Acc Maj Otp As Amended Rep RC #166",89,50,0,12,151
537953,307057,2013-07-09,House,"Reconsideration - Veto RC #436",89,52,0,10,151
537953,307058,2013-06-03,Senate,"Accept Maj Otp-a Rpt RC #139",19,15,0,1,35
537953,307059,2013-06-27,Senate,"Enactment RC #356",19,16,0,0,35
537959,351029,2014-03-31,House,"Final Passage - Emer RC #595",127,6,0,18,151
537959,361950,2014-05-01,House,"Reconsideration - Veto RC #766",133,14,0,4,151
537959,361951,2014-05-01,Senate,"Veto Override (2/3) RC #655",29,6,0,0,35
537997,306046,2013-05-20,House,"Final Passage RC #105",87,52,0,12,151
537997,306047,2013-06-03,House,"Reconsideration - Veto RC #183",87,56,0,8,151
538006,306259,2013-05-29,House,"Acc Maj Ought Not To Pass Rep RC #146",107,34,0,10,151
538008,307171,2013-05-22,House,"Acc Maj Ought Not To Pass Rep RC #120",106,36,0,9,151
538013,306129,2013-06-12,House,"Acc Maj Ought Not To Pass Rep RC #294",82,60,0,9,151
538013,306130,2013-06-13,Senate,"Accept Maj Ontp Rpt RC #272",20,15,0,0,35
538171,351358,2014-04-03,Senate,"Adopt Sbs-488 RC #534",21,14,0,0,35
538171,351874,2014-04-04,House,"Indef Postpone Bill & Papers RC #646",57,86,0,8,151
538171,351875,2014-04-04,House,"Acc Maj Otp As Amended Rep RC #647",50,92,0,9,151
538183,306915,2013-06-05,House,"Acc Maj Otp As Amended Rep RC #210",134,10,0,7,151
538249,318254,2014-02-11,House,"Acc Maj Ought Not To Pass Rep RC #485",113,29,0,9,151
538270,306410,2013-05-08,Senate,"Accept Maj Otp-a Rpt RC #72",34,1,0,0,35
538270,306411,2013-06-27,House,"Recede And Concur RC #414",78,29,0,44,151
538277,306400,2013-05-22,Senate,"Accept Min Otp-a Rpt RC #98",18,16,0,1,35
538277,306401,2013-05-28,House,"Acc Min Otp As Amended Rep RC #134",64,76,0,11,151
538286,346757,2014-03-21,House,"Enactment RC #553",99,40,0,12,151
538286,357789,2014-04-17,House,"Enactment RC #725",105,38,0,8,151
538292,306434,2013-07-09,Senate," RC #379",19,14,0,2,35
538292,306435,2013-06-19,House,"Acc Maj Otp As Amended Rep RC #370",108,37,0,6,151
538292,306436,2013-06-27,House,"Recede And Concur RC #415",78,30,0,43,151
538298,306057,2013-05-23,House,"Acc Maj Ought Not To Pass Rep RC #128",76,66,0,9,151
538298,306058,2013-05-30,Senate,"Accept Maj Ontp Rpt RC #134",35,0,0,0,35
538360,305962,2013-06-18,House,"Acc Maj Otp As Amended Rep RC #352",95,45,0,11,151
538360,305963,2013-06-19,Senate,"Accept Maj Otp-a Rpt RC #332",14,21,0,0,35
538360,312287,2014-01-28,House,"Acc Maj Otp As Amended Rep RC #467",102,39,0,10,151
538360,313449,2014-01-30,Senate,"Accept Maj Otp-a Rpt RC #389",19,16,0,0,35
538360,313450,2014-01-30,Senate,"Table Until Later RC #390",27,8,0,0,35
538360,347140,2014-03-25,Senate,"Indef Post Hbh-658 RC #483",16,18,0,1,35
538360,347141,2014-03-25,Senate,"Concur RC #484",29,5,0,1,35
538360,347643,2014-03-26,Senate,"Reconsider RC #494",11,24,0,0,35
538391,306034,2013-06-07,House,"Acc Maj Ought Not To Pass Rep RC #231",71,67,0,13,151
538391,306035,2013-06-10,Senate,"Accept Maj Ontp Rpt RC #207",24,10,0,1,35
538407,306477,2013-05-28,House,"Final Passage - Emer RC #136",126,8,0,17,151
538420,357792,2014-04-17,Senate,"Enact-bond Issue 2/3 Vote RC #607",26,6,0,3,35
538420,357793,2014-04-17,House,"Enactment - Bond Issue RC #738",113,32,0,6,151
538472,306303,2013-06-11,House,"Acc Maj Otp As Amended Rep RC #272",124,20,0,7,151
538472,306304,2013-06-13,House,"Enactment RC #320",126,19,0,6,151
538472,306305,2013-06-26,House,"Reconsideration - Veto RC #410",108,38,0,5,151
538472,306306,2013-06-11,Senate,"Accept Maj Otp-a Rpt RC #237",21,13,0,1,35
538472,306307,2013-06-26,Senate,"Veto Override (2/3) RC #350",22,13,0,0,35
538487,306971,2013-06-06,Senate,"Accept Maj Otp-a Rpt RC #174",20,15,0,0,35
538487,306972,2013-07-09,Senate,"Veto Override (2/3) RC #363",18,15,0,2,35
538487,306973,2013-06-10,House,"Acc Maj Otp As Amended Rep RC #254",86,51,0,14,151
539149,306927,2013-06-06,House,"Final Passage - Emer RC #218",86,56,0,9,151
539149,306928,2013-07-09,House,"Reconsideration - Veto RC #435",86,55,0,10,151
539149,306929,2013-06-03,Senate,"Accept Maj Otp-a Rpt RC #151",21,13,0,1,35
539191,306946,2013-06-18,Senate,"Adopt Sas-312 To Cas-239 RC #314",22,13,0,0,35
539191,306947,2013-07-09,Senate,"Veto Overide (2/3) RC #364",18,15,0,2,35
539191,306948,2013-06-19,House,"Acc Ought To Pass As Amend Rep RC #367",88,56,0,7,151
539265,308401,2013-07-09,House,"Enactment - Mandate RC #424",101,42,0,8,151
539265,308402,2014-01-14,House,"Reconsideration - Veto RC #464",94,46,0,11,151
539265,312860,2014-01-28,Senate,"Veto Override (2/3) RC #388",19,13,0,2,34
539283,347624,2014-03-26,House,"Acc Maj Otp As Amended Rep RC #567",92,48,0,11,151
539283,348975,2014-03-27,Senate,"Accept Maj Otp-a Rpt RC #498",24,10,0,1,35
539283,357758,2014-04-16,Senate,"Enactment RC #594",26,8,0,1,35
539283,362047,2014-05-01,House,"Reconsideration - Veto RC #779",95,52,0,4,151
539283,362048,2014-05-01,House,"Suspend Rules - RC #780",58,89,0,4,151
539283,362049,2014-05-01,House,"Reconsider RC #781",54,91,0,6,151
539283,362050,2014-05-01,House,"Table Until Later RC #782",88,58,0,5,151
539283,362051,2014-05-01,House,"Reconsider RC #792",90,55,0,6,151
539283,362052,2014-05-01,House,"Reconsideration - Veto RC #793",92,53,0,6,151
539324,306162,2013-06-13,House,"Acc Maj Otp As Amended Rep RC #303",78,66,0,7,151
539324,306163,2013-06-18,House,"Insist RC #353",78,64,0,9,151
539324,306164,2013-06-19,House,"Enactment RC #376",78,71,0,2,151
539324,306165,2013-06-26,House,"Reconsideration - Veto RC #409",77,71,0,3,151
539324,306166,2013-06-17,Senate,"Accept Maj Otp-a Rpt RC #298",16,19,0,0,35
539324,306167,2013-06-19,Senate,"Recede And Concur RC #319",18,17,0,0,35
539324,306168,2013-06-19,Senate,"Enactment RC #327",18,17,0,0,35
539355,338838,2014-03-11,House,"Acc Report 'a' Otp As Amend RC #529",95,47,0,9,151
539355,346630,2014-03-20,Senate,"Accept Rpt ""a"" Otp-a RC #472",22,12,0,1,35
539355,347805,2014-03-26,House,"Adopt Hch-744 To Cah-650 RC #568",109,30,0,12,151
539355,349037,2014-03-27,Senate,"Recede And Concur RC #497",21,12,0,2,35
539355,355980,2014-04-14,House,"Reconsideration - Veto RC #706",105,41,0,5,151
539355,357776,2014-04-16,Senate,"Veto Override (2/3) RC #585",22,13,0,0,35
539365,307004,2013-04-03,Senate,"Final Passage-emer 2/3 Elect RC #30",35,0,0,0,35
539365,307005,2013-04-03,House,"Final Passage - Emer RC #24",140,0,0,11,151
539996,306040,2013-06-17,House,"Acc Maj Otp As Amended Rep RC #339",97,40,0,14,151
539996,306041,2013-07-09,House,"Reconsideration - Veto RC #440",102,41,0,8,151
539996,306042,2013-06-18,Senate,"Accept Maj Otp-a Rpt RC #305",22,13,0,0,35
539996,306043,2013-07-09,Senate,"Veto Override (2/3) RC #380",18,14,0,3,35
540026,307089,2013-06-26,House,"Reconsideration - Veto RC #403",104,43,0,4,151
540026,307090,2013-06-26,Senate,"Veto Override (2/3) RC #348",23,12,0,0,35
540174,336357,2014-03-06,House,"Acc Maj Ought Not To Pass Rep RC #522",42,92,0,17,151
540174,346735,2014-03-19,Senate,"Indefinitely Postpone RC #469",19,15,0,1,35
540174,349228,2014-03-27,Senate,"Insist/ask Com Of Conf RC #503",13,22,0,0,35
540222,306969,2013-06-05,House,"Acc Maj Otp As Amended Rep RC #195",86,59,0,6,151
540254,307091,2013-06-07,House,"Table Until Later RC #233",83,55,0,13,151
540254,307092,2013-06-11,House,"Acc Maj Ought Not To Pass Rep RC #267",64,77,0,10,151
540254,307093,2013-06-11,House,"Acc Min Otp As Amended Rep RC #268",94,49,0,8,151
540254,307094,2013-06-11,Senate,"Accept Maj Ontp Rpt RC #238",20,14,0,1,35
540268,306298,2013-06-11,House,"Acc Maj Otp As Amended Rep RC #275",87,56,0,8,151
540268,306299,2013-06-12,House,"Recede And Concur RC #301",59,84,0,8,151
540268,306300,2013-06-12,Senate,"Accept Maj Otp-a Rpt RC #250",15,20,0,0,35
540268,306301,2013-06-13,Senate,"Recede And Concur RC #268",17,18,0,0,35
540268,306302,2013-06-13,Senate,"Insist RC #271",33,2,0,0,35
540367,306036,2013-05-30,House,"Acc Min Otp As Amended Rep RC #160",63,79,0,9,151
540367,306037,2013-05-30,Senate,"Accept Maj Ontp Rpt RC #135",35,0,0,0,35
540735,307073,2013-06-13,House,"Final Passage - Con Res RC #306",65,84,0,2,151
540735,307074,2013-06-12,Senate,"Accept Maj Otp-a Rpt RC #248",20,15,0,0,35
540766,306918,2013-06-05,House,"Acc Maj Otp As Amended Rep RC #206",91,49,0,11,151
540766,306919,2013-06-18,House,"Insist RC #362",97,40,0,14,151
540766,306920,2013-06-06,Senate,"Accept Maj Otp-a Rpt RC #162",17,18,0,0,35
540766,306921,2013-06-18,Senate,"Recede And Concur RC #311",16,19,0,0,35
540831,307144,2013-06-06,House,"Acc Maj Ought Not To Pass Rep RC #212",136,6,0,9,151
540846,307117,2013-07-09,Senate,"Veto Override (2/3) RC #374",17,16,0,2,35
540846,307118,2013-06-06,House,"Acc Maj Otp As Amended Rep RC #211",99,42,0,10,151
540863,307109,2013-06-17,Senate,"Accept Maj Otp-a Rpt RC #297",28,7,0,0,35
540863,307110,2013-06-17,House,"Acc Maj Otp As Amended Rep RC #342",92,44,0,15,151
540863,307111,2013-06-18,House,"Enactment RC #351",97,45,0,9,151
540912,307168,2013-06-17,Senate,"Veto Override (2/3) RC #292",18,17,0,0,35
540912,307169,2013-05-28,House,"Acc Maj Otp As Amended Rep RC #133",86,54,0,11,151
540912,307170,2013-05-31,House,"Final Passage RC #163",85,53,0,13,151
540926,307140,2013-06-26,Senate,"Veto Override (2/3) RC #342",21,14,0,0,35
540942,357479,2014-04-17,Senate,"Accept Maj Otp-a Rpt RC #599",18,17,0,0,35
540942,357480,2014-04-17,House,"Acc Maj Otp As Amended Rep RC #733",90,54,0,7,151
540942,358220,2014-04-17,Senate,"Enactment RC #605",33,0,0,2,35
540942,361872,2014-05-01,Senate,"Veto Override (2/3) RC #662",9,26,0,0,35
540980,307238,2013-06-11,Senate,"Accept Maj Otp-a Rpt RC #230",12,22,0,1,35
541005,307199,2013-06-12,Senate,"Accept Maj Otp-a Rpt RC #261",26,9,0,0,35
541005,307200,2013-06-12,Senate,"Adopt Sas-186 To Cas-156 RC #262",15,20,0,0,35
541005,307201,2013-06-14,House,"Acc Maj Otp As Amended Rep RC #327",84,55,0,12,151
541018,307222,2013-06-03,Senate,"Accept Min Ontp Rpt RC #142",18,16,0,1,35
541018,307223,2013-06-04,House,"Acc Min Ought Not To Pass Rep RC #187",79,59,0,13,151
541103,307107,2013-06-03,House,"Acc Ought To Pass As Amend Rep RC #176",86,55,0,10,151
541103,307108,2013-06-26,House,"Reconsideration - Veto RC #404",92,55,0,4,151
541610,306988,2013-06-05,House,"Acc Maj Ought Not To Pass Rep RC #208",128,16,0,7,151
541725,305957,2013-06-19,Senate,"Accpt Majority Rep - Reference RC #334",20,15,0,0,35
541725,347860,2014-03-26,House,"Acc Maj Ought Not To Pass Rep RC #574",56,78,0,17,151
541725,351082,2014-04-03,Senate,"Accept Maj Ontp Rpt RC #531",21,14,0,0,35
541912,306097,2013-06-11,Senate,"Enactment RC #233",20,14,0,1,35
541912,306098,2013-06-26,Senate,"Veto Override (2/3) RC #343",21,14,0,0,35
541912,306099,2013-06-06,House,"Acc Maj Otp As Amended Rep RC #222",84,57,0,10,151
542149,306269,2013-06-06,House,"Enactment RC #220",88,57,0,6,151
542149,306270,2013-06-10,House,"Enactment RC #265",92,45,0,14,151
542163,307119,2013-06-07,Senate,"Acceptance Of Report RC #202",20,15,0,0,35
542199,306234,2013-06-12,House,"Acc Maj Ought Not To Pass Rep RC #296",81,61,0,9,151
542199,306235,2013-06-13,Senate,"Accept Maj Ontp Rpt RC #274",24,11,0,0,35
542211,349499,2014-04-01,House,"Acc Maj Otp As Amended Rep RC #609",91,52,0,8,151
542211,352167,2014-04-02,Senate,"Accept Maj Otp-a Rpt RC #520",20,14,0,1,35
542211,361358,2014-05-01,House,"Table Until Later RC #767",87,59,0,5,151
542211,361359,2014-05-01,House,"Reconsideration - Veto RC #784",91,54,0,6,151
542226,306267,2013-06-07,Senate,"Acceptance Of Report RC #203",35,0,0,0,35
542260,307189,2013-06-26,House,"Reconsideration - Veto RC #407",88,59,0,4,151
542624,307227,2013-06-26,House,"Reconsideration - Veto RC #411",96,51,0,4,151
542950,346823,2014-03-24,House,"Acc Maj Otp As Amended Rep RC #557",90,48,0,13,151
542950,348889,2014-03-25,Senate,"Accept Maj Otp-a Rpt RC #481",21,13,0,1,35
542950,357670,2014-04-17,House,"Final Passage - Emer RC #737",101,44,0,6,151
542950,361960,2014-05-01,House,"Reconsideration - Veto RC #755",94,52,0,5,151
542954,306350,2013-06-05,House,"Reconsideration - Veto RC #209",125,18,0,8,151
542954,306351,2013-06-06,Senate,"Veto Override (2/3) RC #170",22,13,0,0,35
542958,306152,2013-06-19,House,"Acc Ought To Pass As Amend Rep RC #384",97,50,0,4,151
542958,306153,2013-07-09,House,"Reconsideration - Veto RC #431",91,52,0,8,151
542971,306377,2013-05-29,Senate,"Final Passage RC #121",35,0,0,0,35
542985,352142,2014-04-02,House,"Reconsideration - Veto RC #615",119,25,0,7,151
542985,352143,2014-04-04,Senate,"Veto Override (2/3) RC #538",19,14,0,2,35
543115,306185,2013-06-27,House,"Recede And Concur RC #416",68,39,0,44,151
543115,318192,2014-02-11,Senate,"Veto Override (2/3) RC #394",25,10,0,0,35
543115,320160,2014-02-13,House,"Reconsideration - Veto RC #492",92,45,0,14,151
543121,306151,2013-06-11,Senate,"Accept Maj Ontp Rpt RC #242",20,14,0,1,35
543150,306147,2013-05-30,Senate,"Accept Maj Otp-a Rpt RC #130",35,0,0,0,35
543160,306187,2013-06-17,Senate,"Accept Maj Otp-a Rpt RC #290",35,0,0,0,35
543160,306188,2013-06-17,House,"Acc Maj Otp As Amended Rep RC #337",136,3,0,12,151
543167,306237,2013-06-11,Senate,"Accept Rpt 'a' Otp-a RC #228",18,16,0,1,35
543167,306238,2013-06-12,House,"Acc Report 'a' Otp Am RC #286",85,61,0,5,151
543169,306224,2013-06-10,House,"Acc Maj Ought Not To Pass Rep RC #235",108,30,0,13,151
543296,306231,2013-07-09,House,"Reconsideration - Veto RC #441",89,53,0,9,151
543652,306397,2013-05-30,House,"Table Until Later RC #155",30,111,0,10,151
543652,306398,2013-05-30,House,"Acc Maj Ought Not To Pass Rep RC #156",108,33,0,10,151
543709,307007,2013-06-05,House,"Final Passage - Emer RC #201",145,0,0,6,151
543719,306272,2013-07-09,House,"Reconsideration - Veto RC #429",96,46,0,9,151
543719,306273,2013-07-09,Senate,"Veto Override (2/3) RC #381",20,12,0,3,35
543754,307128,2013-06-06,House,"Acc Maj Ought Not To Pass Rep RC #227",103,39,0,9,151
544692,306071,2013-04-10,Senate,"Adoption RC #44",34,0,0,1,35
544981,306833,2013-06-10,House,"Acc Min Ought Not To Pass Rep RC #250",31,111,0,9,151
544981,306834,2013-06-12,Senate,"Accept Min Ontp Rpt RC #266",19,16,0,0,35
544981,306835,2013-06-17,Senate,"Recede And Concur RC #286",16,18,0,1,35
545067,306473,2013-06-03,House,"Enactment - Emer RC #179",139,0,0,12,151
545565,306425,2013-06-17,Senate,"Acceptance Of Report RC #287",35,0,0,0,35
545565,306426,2013-06-18,House,"Enactment - Emer RC #349",138,3,0,10,151
545574,306092,2013-06-18,Senate,"Accept Maj Otp-a Rpt RC #313",16,19,0,0,35
545574,306093,2013-06-19,Senate,"Accept Min Otp-a Rpt RC #320",15,20,0,0,35
545574,306094,2013-06-19,Senate,"Recede And Concur RC #330",15,20,0,0,35
545574,306095,2013-06-19,Senate,"Insist RC #331",19,16,0,0,35
545574,306096,2013-06-19,House,"Acc Maj Otp As Amended Rep RC #389",67,80,0,4,151
547590,306015,2013-06-26,Senate,"Veto Override (2/3) RC #347",21,14,0,0,35
547597,306445,2013-06-04,Senate,"Accept Maj Ontp Rpt RC #156",19,14,0,2,35
547597,306446,2013-06-10,House,"Acc Maj Ought Not To Pass Rep RC #246",86,54,0,11,151
547605,326763,2014-02-18,Senate,"Accept Maj Ontp Rpt RC #419",19,16,0,0,35
547605,326764,2014-02-20,House,"Acc Maj Ought Not To Pass Rep RC #498",89,52,0,10,151
547770,307303,2013-06-03,Senate,"Accept Maj Ontp Rpt RC #153",20,14,0,1,35
548046,351983,2014-04-04,House,"Acc Maj Otp As Amended Rep RC #644",118,23,0,10,151
548046,353727,2014-04-09,Senate,"Enact-emer 2/3 Elect RC #565",33,0,0,2,35
548046,353728,2014-04-08,House,"Enactment - Emer RC #673",120,19,0,12,151
548046,362024,2014-05-01,Senate,"Veto Override (2/3) RC #623",30,5,0,0,35
548046,362025,2014-05-01,House,"Reconsideration - Veto RC #788",96,50,0,5,151
548124,305956,2013-06-17,House,"Acc Maj Ought Not To Pass Rep RC #332",85,55,0,11,151
548133,306239,2013-06-17,Senate,"Special Study Table RC #288",17,18,0,0,35
548133,306240,2013-06-17,Senate,"Accept Maj Ontp Rpt RC #289",23,12,0,0,35
548133,306241,2013-06-17,House,"Acc Maj Ought Not To Pass Rep RC #336",90,49,0,12,151
548179,332039,2014-02-27,Senate,"Accept Maj Otp-a Rpt RC #430",21,14,0,0,35
548179,335143,2014-03-05,House,"Acc Maj Otp As Amended Rep RC #511",90,49,0,12,151
548179,348927,2014-03-27,Senate,"Veto Override (2/3) RC #506",22,13,0,0,35
548434,351811,2014-04-04,House,"Acc Maj Otp As Amended Rep RC #649",101,41,0,9,151
548434,353358,2014-04-07,Senate,"Accept Maj Otp-a Rpt RC #547",27,8,0,0,35
548434,357717,2014-04-16,Senate,"Final Passage RC #595",31,3,0,1,35
548434,362011,2014-05-01,House,"Reconsideration - Veto RC #785",104,42,0,5,151
548434,362012,2014-05-01,Senate,"Veto Override (2/3) RC #660",25,10,0,0,35
548528,349013,2014-03-31,House,"Acc Report 'b' Otp As Amend RC #597",75,60,0,16,151
548528,352147,2014-04-02,Senate,"Accept Rpt ""b"" Opt-a RC #524",10,24,0,1,35
548598,306423,2013-06-10,Senate,"Accept Min Ontp Rpt RC #210",25,9,0,1,35
548652,306468,2013-06-03,Senate,"Accept Maj Otp-a Rpt RC #148",19,15,0,1,35
548652,306469,2013-06-20,Senate,"Veto Override (2/3) RC #335",19,16,0,0,35
548652,306470,2013-06-04,House,"Acc Maj Otp As Amended Rep RC #186",84,56,0,11,151
548677,306427,2013-06-18,House,"Acc Ought To Pass As Amend Rep RC #360",116,22,0,13,151
548677,306428,2013-06-18,House,"Table Until Later RC #361",51,87,0,13,151
548696,357790,2014-04-17,Senate,"Enact-bond Issue 2/3 Vote RC #608",30,2,0,3,35
548696,357791,2014-04-17,House,"Enactment - Bond Issue RC #739",126,19,0,6,151
548990,306886,2013-06-18,Senate,"Adopt Sas-301 RC #312",26,9,0,0,35
548990,306887,2013-06-19,House,"Acc Maj Otp As Amended Rep RC #368",94,52,0,5,151
548990,306888,2013-06-19,House,"Adopt Sas-301 RC #369",93,53,0,5,151
548990,361424,2014-05-01,Senate,"Veto Override (2/3) RC #628",20,15,0,0,35
549184,307270,2013-06-26,Senate,"Adopt Sds-321 To Cah-525 RC #346",22,13,0,0,35
549197,362140,2014-05-01,House,"Reconsideration - Veto RC #762",134,12,0,5,151
549197,362141,2014-05-01,Senate,"Veto Override (2/3) RC #653",33,2,0,0,35
549225,308356,2013-06-18,House,"Enactment - Emer RC #356",138,0,0,13,151
549236,307083,2013-05-29,House,"Acc Maj Ought Not To Pass Rep RC #147",55,88,0,8,151
549236,307084,2013-05-30,Senate,"Accept Maj Ontp Rpt RC #125",30,5,0,0,35
549368,332151,2014-02-27,House,"Enactment RC #506",100,39,0,12,151
549384,346657,2014-03-21,Senate,"Accept Maj Otp-a Rpt RC #476",32,0,0,3,35
549384,347871,2014-03-25,House,"Acc Maj Otp As Amended Rep RC #563",141,0,0,10,151
549417,306348,2013-04-30,Senate,"Adoption RC #57",25,9,0,1,35
549417,306349,2013-04-30,House,"Adoption RC #60",111,31,0,9,151
549565,306416,2013-04-30,Senate,"Adoption RC #58",22,12,0,1,35
549565,306417,2013-04-30,House,"Adoption RC #61",88,55,0,8,151
549924,306429,2013-06-19,House,"Acc Maj Otp As Amended Rep RC #385",91,58,0,2,151
549924,306430,2013-07-09,House,"Reconsideration - Veto RC #439",87,52,0,12,151
549984,340326,2014-03-12,Senate,"Accept Maj Otp-a Rpt RC #448",22,13,0,0,35
549984,346780,2014-03-18,House,"Acc Maj Otp As Amended Rep RC #537",97,49,0,5,151
549984,355346,2014-04-11,Senate,"Veto Override (2/3) RC #572",22,13,0,0,35
550419,307306,2013-06-13,Senate,"Enactment RC #273",35,0,0,0,35
550419,307307,2013-06-10,House,"Acc Report 'a' Otp Am RC #236",80,58,0,13,151
550419,307308,2013-06-12,House,"Enactment RC #291",89,60,0,2,151
550545,306371,2013-06-04,House,"Acc Maj Ought Not To Pass Rep RC #189",74,68,0,9,151
550545,306372,2013-06-05,Senate,"Accept Maj Ontp Rpt RC #157",19,16,0,0,35
550577,306328,2013-06-04,House,"Acc Maj Ought Not To Pass Rep RC #190",44,98,0,9,151
550577,306329,2013-06-04,House,"Acc Min Otp As Amended Rep RC #191",115,28,0,8,151
550577,306330,2013-07-09,House,"Enactment - Mandate RC #425",97,45,0,9,151
550577,306331,2013-07-09,House,"Table Until Later RC #447",76,64,0,11,151
550577,306332,2013-07-09,House,"Recede And Concur RC #448",96,42,0,13,151
550577,306333,2013-06-05,Senate,"Accept Min Otp-a Rpt RC #158",34,0,0,1,35
550577,306334,2013-06-27,Senate,"Pass To Be Engrossed As Amend RC #360",34,0,0,1,35
550577,306335,2013-07-09,Senate,"Enact-mandate 2/3 Elect RC #378",33,0,0,2,35
550605,306025,2013-06-13,House,"Acc Maj Ought Not To Pass Rep RC #304",124,21,0,6,151
550736,306189,2013-05-29,Senate,"Accept Min Otp Rpt RC #113",19,16,0,0,35
550736,306190,2013-06-26,Senate,"Veto Override (2/3) RC #344",20,15,0,0,35
550736,306191,2013-05-31,House,"Acc Min Ought To Pass Rep RC #169",84,55,0,12,151
550751,307069,2013-06-10,Senate,"Enactment RC #216",34,0,0,1,35
550791,306195,2013-06-13,House,"Acc Ought To Pass As Amend Rep RC #309",102,47,0,2,151
550791,306196,2013-06-13,House,"Indef Pp Hjh-486 To Cah-486 RC #310",101,48,0,2,151
550791,306197,2013-06-13,House,"Indef Pp Hkh-487 To Cah-468 RC #311",99,50,0,2,151
550791,306198,2013-06-13,House,"Indef Pp Hhh-484 To Cah-468 RC #312",99,45,0,7,151
550791,306199,2013-06-13,House,"Indef Pp Hih-485 To Cah-468 RC #313",100,44,0,7,151
550791,306200,2013-06-13,House,"Indef Pp Hah-477 To Cah-468 RC #314",101,45,0,5,151
550791,306201,2013-06-13,House,"Indef Pp Hfh-482 To Cah-468 RC #315",108,39,0,4,151
550791,306202,2013-06-13,House,"Indef Pp Heh-481 To Cah-468 RC #316",103,46,0,2,151
550791,306203,2013-06-13,House,"Indef Pp Hmh-489 To Cah-468 RC #317",101,47,0,3,151
550791,306204,2013-06-13,House,"Indef Pp Hnh-493 To Cah-468 RC #318",110,33,0,8,151
550791,306205,2013-06-26,House,"Reconsideration - Veto RC #398",114,34,0,3,151
550791,306206,2013-06-13,Senate,"Accept Report RC #275",25,10,0,0,35
550791,306207,2013-06-13,Senate,"Indef Post Sas-276 RC #276",22,13,0,0,35
550791,306208,2013-06-26,Senate,"Veto Override (2/3) RC #345",26,9,0,0,35
550791,308397,2013-06-13,House,"Enactment - Emer RC #324",102,43,0,6,151
550791,308398,2013-06-13,Senate,"Enact-emer 2/3 Elect RC #277",25,10,0,0,35
550915,306102,2013-08-29,House,"Passage To Be Engrossed RC #461",115,8,0,28,151
550923,306339,2013-06-19,House,"Acc Maj Ought Not To Pass Rep RC #372",91,55,0,5,151
550923,306340,2013-06-19,Senate,"Accept Maj Ontp Rpt RC #329",21,14,0,0,35
550940,306016,2013-05-08,House,"Adoption RC #79",138,0,0,13,151
550966,306001,2013-05-07,Senate,"Adoption RC #68",34,0,0,1,35
550966,306002,2013-05-08,House,"Adoption RC #78",138,0,0,13,151
550974,321647,2014-02-13,House,"Enactment - Emer RC #494",129,1,0,21,151
551263,335858,2014-03-06,House,"Acc Maj Ought Not To Pass Rep RC #521",37,99,0,15,151
551263,346667,2014-03-19,Senate,"Indefinitely Postpone RC #470",19,15,0,1,35
551263,349101,2014-03-27,Senate,"Recede And Concur RC #505",15,20,0,0,35
551291,306318,2013-05-29,Senate,"Enactment RC #120",35,0,0,0,35
551608,308629,2013-06-05,House,"Final Passage - Public Land RC #203",146,0,0,5,151
551759,306247,2013-06-18,Senate,"Accept Maj Ontp Rpt RC #315",29,6,0,0,35
551759,306248,2013-06-19,House,"Acc Maj Ought Not To Pass Rep RC #380",109,40,0,2,151
551777,355758,2014-04-10,Senate,"Adopt Sas-518 To Cas-508 RC #567",26,9,0,0,35
551777,355759,2014-04-11,House,"Acc Report 'a' Otp As Amend RC #695",103,43,0,5,151
551777,355760,2014-04-11,House,"Passage To Be Engrossed RC #696",102,45,0,4,151
552507,306362,2013-07-09,Senate,"Veto Override (2/3) RC #371",18,15,0,2,35
552857,306384,2013-06-10,House,"Acc Maj Ought Not To Pass Rep RC #263",92,46,0,13,151
553451,306308,2013-06-18,Senate,"Accept Maj Otp-a Rpt RC #308",21,14,0,0,35
553451,306309,2013-06-18,House,"Acc Maj Otp As Amended Rep RC #357",80,55,0,16,151
553451,308705,2013-06-19,House,"Enactment - Emer RC #375",83,61,0,7,151
553742,306378,2013-05-20,House,"Adoption RC #97",124,11,0,16,151
553780,307250,2013-06-12,House,"Acc Maj Ought To Pass Rep RC #287",85,60,0,6,151
553780,307251,2013-07-09,House,"Reconsideration - Veto RC #430",85,57,0,9,151
553780,307252,2013-06-14,Senate,"Final Passage-emer 2/3 Elect RC #281",23,11,0,1,35
553780,307253,2013-06-14,Senate,"Final Passage-emer 2/3 Elect RC #285",29,5,0,1,35
553863,334223,2014-03-05,House,"Acc Maj Ought Not To Pass Rep RC #514",60,84,0,7,151
553863,335089,2014-03-05,House,"Commit To State & Local RC #515",66,78,0,7,151
553863,335090,2014-03-05,House,"Acc Min Otp As Amended Rep RC #516",64,81,0,6,151
553863,335091,2014-03-05,House,"Indef Postpone Bill & Papers RC #517",109,34,0,8,151
553863,338220,2014-03-06,Senate,"Accept Maj Ontp Rpt RC #443",28,7,0,0,35
553904,306364,2013-06-18,House,"Acc Report 'a' Otp As Amended RC #345",83,58,0,10,151
553904,306365,2013-06-19,House,"Final Passage - Emer RC #374",89,56,0,6,151
553904,306366,2013-06-18,Senate,"Accept Rpt 'a' Otp-a RC #306",21,14,0,0,35
553904,306367,2013-06-18,Senate,"Adopt Hah-546 To Cah-507 RC #307",22,13,0,0,35
553904,306368,2013-06-19,Senate,"Final Passage-emer 2/3 Elect RC #326",22,13,0,0,35
554335,307034,2013-05-20,Senate,"Table Until Later RC #82",15,20,0,0,35
554335,307035,2013-05-20,Senate,"Commit RC #83",15,20,0,0,35
554335,307036,2013-05-20,Senate,"Adjourn RC #84",15,20,0,0,35
554335,307037,2013-05-20,Senate,"Accept Maj Otp Rpt RC #85",20,15,0,0,35
554335,307038,2013-05-21,Senate,"Adopt Scs-108 RC #88",20,15,0,0,35
554335,307039,2013-05-21,Senate,"Indef Post Sbs-103 RC #89",20,15,0,0,35
554335,307040,2013-05-21,Senate,"Indef Post Sas-100 RC #90",20,15,0,0,35
554335,307041,2013-05-21,Senate,"Pass To Be Engrossed As Amend RC #91",20,15,0,0,35
554335,307042,2013-05-21,Senate,"Reconsider Ptbe-am RC #92",15,20,0,0,35
554335,307043,2013-05-23,Senate,"Enactment RC #107",20,15,0,0,35
554335,307044,2013-05-29,Senate,"Veto Override (2/3) RC #114",20,15,0,0,35
554335,307045,2013-05-21,House,"Table Until Later RC #114",55,86,0,10,151
554335,307046,2013-05-21,House,"Commit RC #115",55,86,0,10,151
554335,307047,2013-05-21,House,"Acc Maj Ought To Pass Rep RC #116",87,57,0,7,151
554335,307048,2013-05-21,House,"Indef Pp Hah-195 RC #117",88,56,0,7,151
554335,307049,2013-05-21,House,"Indef Pp Hbh-196 RC #118",88,56,0,7,151
554335,307050,2013-05-22,House,"Enactment RC #126",87,56,0,8,151
554765,307070,2013-06-07,Senate,"Accept Min Ontp Rpt RC #205",28,7,0,0,35
554765,307071,2013-06-11,House,"Acc Min Ought Not To Pass Rep RC #270",106,38,0,7,151
555104,308339,2013-06-06,House,"Enactment - Emer RC #217",143,0,0,8,151
555110,340728,2014-03-12,House,"Acc Maj Otp As Amended Rep RC #533",91,46,0,14,151
555110,352182,2014-04-04,House,"Reconsideration - Veto RC #640",91,51,0,9,151
557208,306879,2013-06-13,House,"Enactment - Emer RC #308",149,0,0,2,151
557538,306942,2013-06-05,House,"Adopt Hah-337 RC #196",140,5,0,6,151
557538,306943,2013-06-05,House,"Enactment - Apportionment RC #207",133,11,0,7,151
557842,307029,2013-06-20,House,"Reconsideration - Veto RC #397",121,11,0,19,151
557842,307030,2013-06-06,Senate,"Indef Post Sas-222 RC #171",20,15,0,0,35
557842,307031,2013-06-06,Senate,"Indef Post Sbs-223 RC #172",20,15,0,0,35
557842,307032,2013-06-06,Senate,"Pass To Be Engrossed As Amend RC #173",28,7,0,0,35
557842,307033,2013-06-26,Senate,"Veto Override (2/3) RC #352",35,0,0,0,35
559366,306228,2013-06-18,Senate,"Adoption RC #318",20,15,0,0,35
561373,308312,2013-07-09,House,"Final Passage - Emer RC #420",99,43,0,9,151
561373,308313,2013-07-09,House,"Recede And Concur RC #445",135,3,0,13,151
561373,308314,2013-07-09,Senate,"Final Passage-emer 2/3 Elect RC #376",33,0,0,2,35
561375,306117,2013-06-27,House,"Adopt Hah-575 RC #417",78,20,0,53,151
561375,306118,2013-07-09,House,"Recede RC #452",86,51,0,14,151
561375,306119,2013-07-09,House,"Enactment RC #455",86,50,0,15,151
561375,308310,2013-07-09,House,"Enactment - Emer RC #419",92,50,0,9,151
561375,308311,2013-07-09,Senate,"Enact-emer 2/3 Elect RC #375",24,9,0,2,35
561375,309919,2014-01-16,House,"Reconsideration - Veto RC #466",88,55,0,8,151
561384,308302,2013-07-09,House,"Enactment - Emer RC #418",97,45,0,9,151
561388,313913,2014-01-30,House,"Acc Maj Otp As Amended Rep RC #470",126,22,0,3,151
561388,313914,2014-01-30,House,"Indef Pp Cah-591 RC #471",20,126,0,5,151
561388,321515,2014-02-11,House,"Final Passage RC #483",129,13,0,9,151
561392,313938,2014-01-30,House,"Acc Maj Otp As Amended Rep RC #472",120,25,0,6,151
561392,313939,2014-01-30,House,"Indef Pp Cah-592 RC #473",21,123,0,7,151
561392,321523,2014-02-11,House,"Final Passage RC #484",124,19,0,8,151
561395,313898,2014-01-30,House,"Indef Pp Cah-590 RC #469",22,126,0,3,151
561395,321500,2014-02-11,House,"Final Passage RC #482",121,21,0,9,151
561397,306114,2013-07-09,Senate,"Veto Override (2/3) RC #365",18,15,0,2,35
561733,306013,2013-07-09,House,"Passage To Be Engrossed RC #449",137,1,0,13,151
561733,306361,2013-07-09,Senate,"Enact-emer 2/3 Elect RC #383",32,0,0,3,35
576896,333940,2014-03-04,House,"Acc Maj Otp As Amended Rep RC #509",125,17,0,9,151
576896,342359,2014-03-11,House,"Enactment RC #525",128,9,0,14,151
576897,351130,2014-04-02,House,"Reconsideration - Veto RC #614",136,6,0,9,151
576897,351131,2014-04-02,Senate,"Veto Override (2/3) RC #525",33,1,0,1,35
576899,348223,2014-03-27,House,"Final Passage - Emer RC #590",135,0,0,16,151
576899,358014,2014-04-17,House,"Final Passage - Emer RC #734",140,5,0,6,151
576905,346812,2014-03-24,Senate,"Accept Maj Otp-a Rpt RC #480",21,14,0,0,35
576905,347160,2014-03-25,House,"Acc Maj Otp As Amended Rep RC #560",86,56,0,9,151
576905,348914,2014-03-27,House,"Adopt Hah-754 To Cas-441 RC #589",82,55,0,14,151
576905,357726,2014-04-15,Senate,"Veto Override (2/3) RC #580",20,15,0,0,35
576906,345140,2014-03-19,House,"Acc Maj Ought Not To Pass Rep RC #540",89,49,0,13,151
576907,349431,2014-03-31,House,"Acc Maj Ought Not To Pass Rep RC #601",81,56,0,14,151
576910,357707,2014-04-17,House,"Reconsideration - Veto RC #720",1,142,0,8,151
576914,357562,2014-04-17,Senate,"Enact-bond Issue 2/3 Vote RC #609",28,4,0,3,35
576914,357563,2014-04-17,House,"Enactment - Bond Issue RC #740",114,32,0,5,151
576916,346845,2014-03-24,House,"Acc Maj Otp As Amended Rep RC #558",92,48,0,11,151
576916,348896,2014-03-27,House,"Enactment RC #588",102,33,0,16,151
576916,348897,2014-03-25,Senate,"Accept Maj Otp-a Rpt RC #482",19,15,0,1,35
576917,352134,2014-04-02,House,"Reconsideration - Veto RC #613",129,12,0,10,151
576917,352135,2014-04-02,Senate,"Veto Override (2/3) RC #526",29,5,0,1,35
576923,357672,2014-04-14,House,"Passage To Be Engrossed RC #701",147,0,0,4,151
576923,357673,2014-04-16,House,"Enactment - Emer RC #715",142,0,0,9,151
576923,357674,2014-04-16,Senate,"Enact-emer 2/3 Elect RC #588",35,0,0,0,35
576928,346175,2014-03-20,Senate,"Accept Maj Otp-a Rpt RC #473",15,19,0,1,35
576928,347680,2014-03-26,Senate,"Accept Maj Otp-a Rpt RC #495",18,17,0,0,35
576928,348219,2014-03-27,House,"Acc Maj Otp As Amended Rep RC #582",79,52,0,20,151
576928,361349,2014-05-01,Senate,"Veto Override (2/3) RC #630",19,16,0,0,35
576940,346545,2014-03-20,House,"Table Until Later RC #551",81,55,0,15,151
576940,354491,2014-04-08,House,"Passage To Be Engrossed RC #680",142,0,0,9,151
576942,353009,2014-04-08,House,"Enactment RC #676",103,39,0,9,151
576943,344226,2014-03-18,Senate,"Accept Maj Otp-a Rpt RC #459",35,0,0,0,35
576943,347190,2014-03-25,House,"Enactment - Emer RC #565",117,25,0,9,151
576943,352918,2014-04-08,Senate,"Veto Override (2/3) RC #559",32,0,0,3,35
576943,353101,2014-04-08,House,"Reconsideration - Veto RC #682",119,23,0,9,151
576947,341047,2014-03-11,House,"Final Passage RC #528",139,0,0,12,151
576947,348632,2014-03-25,House,"Reconsideration - Veto RC #561",143,0,0,8,151
576948,333347,2014-03-04,Senate,"Accept Min Otp-a Rpt RC #441",18,16,0,1,35
576948,340250,2014-03-12,House,"Acc Maj Ought Not To Pass Rep RC #536",114,23,0,14,151
576948,346779,2014-03-18,Senate,"Insist RC #449",18,17,0,0,35
576949,346837,2014-03-24,House,"Acc Maj Ought Not To Pass Rep RC #559",83,58,0,10,151
576956,338612,2014-03-11,House,"Enactment - Emer RC #524",138,0,0,13,151
576958,347527,2014-03-24,Senate,"Accept Min Otp-a Rpt RC #478",13,22,0,0,35
576958,348936,2014-03-26,House,"Acc Min Otp As Amended Rep RC #570",78,63,0,10,151
576958,354335,2014-04-07,Senate,"Recede RC #550",20,15,0,0,35
576958,354336,2014-04-07,Senate,"Accept Min Otp-a Rpt RC #551",20,15,0,0,35
576958,354337,2014-04-08,House,"Recede And Concur RC #661",79,67,0,5,151
576959,351494,2014-04-03,House,"Acc Report 'b' Ontp RC #627",87,56,0,8,151
576960,333492,2014-03-04,Senate,"Accept Maj Otp-a Rpt RC #440",27,7,0,1,35
576960,337709,2014-03-06,House,"Enactment RC #519",96,44,0,11,151
576962,357808,2014-04-17,House,"Enactment RC #726",142,0,0,9,151
576964,347968,2014-03-26,House,"Adopt Hch-750 To Cah-692 RC #576",136,0,0,15,151
576964,348261,2014-03-27,Senate,"Accept Maj Otp-a Rpt RC #509",32,3,0,0,35
576964,348262,2014-03-27,Senate,"Accept Maj Otp-a Rpt RC #510",35,0,0,0,35
576964,356788,2014-04-16,Senate,"Enact-emer 2/3 Elect RC #597",34,0,0,1,35
576965,357475,2014-04-17,House,"Acc Maj Otp As Amended Rep RC #735",95,52,0,4,151
576965,357476,2014-04-17,House,"Adopt Hah-849 To Cah-704 RC #736",95,52,0,4,151
576965,358213,2014-04-17,House,"Enactment RC #745",94,51,0,6,151
576965,358214,2014-04-17,Senate,"Accept Maj Otp-a Rpt RC #606",19,14,0,2,35
576965,361871,2014-05-01,House,"Reconsideration - Veto RC #776",94,53,0,4,151
576975,345261,2014-03-19,House,"Acc Maj Otp As Amended Rep RC #538",89,52,0,10,151
576975,348900,2014-03-26,House,"Adopt Hah-745 To Cah-683 RC #571",87,53,0,11,151
576975,348901,2014-03-27,Senate,"Recede And Concur RC #499",20,14,0,1,35
576975,351277,2014-03-31,House,"Final Passage RC #596",83,50,0,18,151
576975,357691,2014-04-14,House,"Reconsideration - Veto RC #705",92,53,0,6,151
576976,352087,2014-04-04,House,"Acc Maj Otp As Amended Rep RC #648",86,55,0,10,151
576976,354136,2014-04-07,Senate,"Accept Maj Otp-a Rpt RC #544",20,15,0,0,35
576978,361773,2014-05-01,House,"Reconsideration - Veto RC #768",93,54,0,4,151
576982,347129,2014-03-25,House,"Acc Min Otp As Amended Rep RC #562",74,68,0,9,151
576982,350974,2014-04-03,House,"Table Until Later RC #622",84,55,0,12,151
576982,351945,2014-04-04,House,"Recede And Concur RC #652",105,28,0,18,151
576982,353086,2014-04-08,House,"Enactment RC #677",124,18,0,9,151
576983,348875,2014-03-28,House,"Acc Report 'a' Otp As Amend RC #594",100,38,0,13,151
576983,361937,2014-05-01,House,"Reconsideration - Veto RC #754",98,48,0,5,151
576983,361938,2014-05-01,Senate,"Veto Override (2/3) RC #650",33,2,0,0,35
576984,347716,2014-03-26,Senate,"Accept Maj Otp-a Rpt RC #496",24,11,0,0,35
576984,348248,2014-03-27,House,"Acc Maj Otp As Amended Rep RC #583",83,50,0,18,151
576984,352170,2014-04-01,Senate,"Enactment RC #519",20,13,0,2,35
576984,356596,2014-04-15,Senate,"Veto Override (2/3) RC #578",20,15,0,0,35
576985,355957,2014-04-15,Senate,"Accept Maj Otp-a Rpt RC #581",21,14,0,0,35
576985,356803,2014-04-16,House,"Acc Maj Otp As Amended Rep RC #711",94,48,0,9,151
576985,356804,2014-04-16,House,"Enactment RC #716",93,50,0,8,151
576985,361868,2014-05-01,Senate,"Veto Override (2/3) RC #629",21,14,0,0,35
576996,355320,2014-04-08,House,"Enactment - Emer RC #674",141,0,0,10,151
576997,353717,2014-04-08,House,"Enactment RC #678",141,0,0,10,151
577004,348939,2014-03-28,House,"Enactment RC #591",135,0,0,16,151
577005,321521,2014-02-11,House,"Enactment RC #481",138,4,0,9,151
577007,351176,2014-04-03,Senate,"Veto Override (2/3) RC #537",31,3,0,1,35
577007,352911,2014-04-04,House,"Reconsideration - Veto RC #642",138,4,0,9,151
577008,346485,2014-03-19,House,"Acc Maj Otp As Amended Rep RC #542",79,60,0,12,151
577008,348950,2014-03-26,House,"Indef Postpone Bill & Papers RC #569",46,94,0,11,151
577009,350643,2014-04-02,House,"Acc Maj Otp As Amended Rep RC #617",134,0,0,17,151
577017,342327,2014-03-11,House,"Enactment RC #526",139,0,0,12,151
577018,357698,2014-04-16,Senate,"Pass To Be Engrossed As Amend RC #590",35,0,0,0,35
577018,357699,2014-04-17,Senate,"Enactment RC #604",33,0,0,2,35
578782,333167,2014-03-04,House,"Enactment RC #510",144,0,0,7,151
578903,330550,2014-02-26,House,"Enactment RC #504",92,53,0,6,151
578981,345164,2014-03-19,House,"Acc Maj Ought Not To Pass Rep RC #539",85,58,0,8,151
579111,342209,2014-03-11,House,"Enactment RC #527",139,0,0,12,151
579111,357681,2014-04-17,House,"Enactment RC #727",143,0,0,8,151
579111,357682,2014-04-16,Senate,"Pass To Be Engrossed As Amend RC #591",35,0,0,0,35
579557,338489,2014-03-06,Senate,"Accept Maj Otp-a Rpt RC #444",19,16,0,0,35
579557,339932,2014-03-12,House,"Acc Maj Otp As Amended Rep RC #532",90,47,0,14,151
579557,350535,2014-04-02,Senate,"Veto Override (2/3) RC #527",20,14,0,1,35
579877,357367,2014-04-17,House,"Acc Ought To Pass As Amend Rep RC #719",86,53,0,12,151
579877,357529,2014-04-18,House,"Passage To Be Engrossed RC #748",110,34,0,7,151
579877,357598,2014-04-18,Senate,"Accept Report RC #614",19,12,0,4,35
579877,357599,2014-04-18,Senate,"Enactment RC #616",25,6,0,4,35
579877,361417,2014-05-01,House,"Reconsideration - Veto RC #783",105,41,0,5,151
579877,361503,2014-05-01,Senate,"Veto Override (2/3) RC #666",20,14,0,1,35
581378,326825,2014-02-20,House,"Enactment - Emer RC #499",141,0,0,10,151
581378,357748,2014-04-16,Senate,"Pass To Be Engrossed As Amend RC #592",35,0,0,0,35
587665,350391,2014-04-02,House,"Enactment - Emer RC #618",141,0,0,10,151
587778,361498,2014-05-01,House,"Reconsideration - Veto RC #753",137,9,0,5,151
587778,361499,2014-05-01,Senate,"Veto Override (2/3) RC #649",35,0,0,0,35
590108,356875,2014-04-16,Senate,"Pass To Be Engrossed As Amend RC #593",35,0,0,0,35
592080,327894,2014-02-25,House,"Acc Maj Otp As Amended Rep RC #503",94,51,0,6,151
592080,332157,2014-02-26,House,"Adopt Hah-631 To Cas-392 RC #505",88,57,0,6,151
592080,332158,2014-02-27,House,"Indef Pp Hbh-635 To Cas-392 RC #508",77,61,0,13,151
592080,336750,2014-03-06,Senate,"Final Passage RC #445",24,11,0,0,35
592080,336751,2014-03-05,House,"Final Passage RC #518",91,55,0,5,151
592080,346773,2014-03-18,Senate,"Veto Override (2/3) RC #460",23,12,0,0,35
600634,351187,2014-04-03,House,"Adopt Hah-797 To Cah-781 RC #635",124,11,0,16,151
600634,351188,2014-04-03,House,"Passage To Be Engrossed RC #636",135,0,0,16,151
600634,353697,2014-04-08,House,"Enactment - Emer RC #675",138,0,0,13,151
600634,353698,2014-04-07,Senate,"Accept Maj Otp-a Rpt RC #545",35,0,0,0,35
600634,357731,2014-04-18,House,"Enactment RC #747",119,24,0,8,151
600634,362022,2014-05-01,House,"Reconsideration - Veto RC #778",125,21,0,5,151
600634,362023,2014-05-01,Senate,"Veto Override (2/3) RC #658",21,14,0,0,35
601554,357700,2014-04-17,House,"Enactment RC #729",143,0,0,8,151
605203,353118,2014-04-08,House,"Enactment RC #679",141,0,0,10,151
605203,357701,2014-04-16,Senate,"Enactment RC #598",34,0,0,1,35
605288,351601,2014-03-31,House,"Adopt Hah-777 To Cah-757 RC #604",100,34,0,17,151
605288,351602,2014-04-02,House,"Final Passage - Emer RC #621",97,45,0,9,151
605288,353144,2014-04-07,House,"Final Passage - Emer RC #656",118,20,0,13,151
605288,361980,2014-05-01,House,"Reconsideration - Veto RC #752",123,23,0,5,151
605288,361981,2014-05-01,Senate,"Veto Override (2/3) RC #648",28,7,0,0,35
605697,353017,2014-04-07,Senate,"Accept Maj Otp-a Rpt RC #549",20,15,0,0,35
605697,353018,2014-04-08,House,"Acc Maj Otp As Amended Rep RC #662",70,77,0,4,151
605697,353019,2014-04-08,House,"Reconsider RC #663",74,73,0,4,151
605697,353020,2014-04-08,House,"Table Until Later RC #664",77,70,0,4,151
605697,355433,2014-04-11,House,"Acc Maj Otp As Amended Rep RC #698",76,69,0,6,151
605697,357693,2014-04-17,Senate,"Pass To Be Engrossed As Amend RC #602",20,15,0,0,35
605697,361966,2014-05-01,Senate,"Veto Override (2/3) RC #632",20,15,0,0,35
607694,352137,2014-03-31,House,"Acc Maj Otp As Amended Rep RC #603",123,14,0,14,151
607694,352138,2014-04-03,Senate,"Adopt Sas-490 To Cah-774 RC #535",13,21,0,1,35
607694,354642,2014-04-07,House,"Final Passage RC #655",100,38,0,13,151
608179,357787,2014-04-17,House,"Enactment - Bond Issue RC #743",119,27,0,5,151
608179,357788,2014-04-17,Senate,"Enact-bond Issue 2/3 Vote RC #611",26,6,0,3,35
610024,345993,2014-03-20,House,"Table Until Later RC #548",129,6,0,16,151
610024,346646,2014-03-21,House,"Acc Maj Otp As Amended Rep RC #554",114,23,0,14,151
610024,347832,2014-03-26,House,"Final Passage - Emer RC #566",101,36,0,14,151
610024,347833,2014-03-24,Senate,"Accept Maj Otp-a Rpt RC #477",20,15,0,0,35
610024,362113,2014-05-01,House,"Reconsideration - Veto RC #769",110,37,0,4,151
610024,362114,2014-05-01,Senate,"Veto Override (2/3) RC #656",20,15,0,0,35
612093,354648,2014-04-09,House,"Acc Ought To Pass As Amend Rep RC #684",140,0,0,11,151
612094,350584,2014-04-01,House,"Acc Report ""a"" Otp As Amended RC #610",82,60,0,9,151
612094,352438,2014-04-04,House,"Enactment RC #651",78,54,0,19,151
612094,352439,2014-04-03,Senate,"Accept Rpt 'a' Otp-a RC #530",21,14,0,0,35
612094,361877,2014-05-01,House,"Reconsideration - Veto RC #757",83,62,0,6,151
613087,316930,2014-02-06,House,"Table Until Later RC #474",51,83,0,17,151
613087,316931,2014-02-06,House,"Commit RC #475",53,83,0,15,151
613087,316932,2014-02-06,House,"Indef Postpone Bill & Papers RC #476",49,86,0,16,151
613087,316933,2014-02-06,House,"Commit RC #477",54,81,0,16,151
613087,316934,2014-02-06,House,"Previous Question RC #478",32,102,0,17,151
613087,316935,2014-02-06,House,"Acc Maj Ought To Pass Rep RC #479",114,21,0,16,151
613087,318705,2014-02-11,House,"Indef Pp Hah-602 RC #486",83,55,0,13,151
613087,318706,2014-02-11,House,"Indef Pp Hbh-603 RC #487",115,24,0,12,151
613087,318707,2014-02-11,House,"Indef Pp Hch-604 RC #488",100,38,0,13,151
613087,318708,2014-02-11,House,"Indef Pp Hdh-605 RC #489",84,55,0,12,151
613087,318709,2014-02-11,House,"Indef Pp Heh-606 RC #490",87,50,0,14,151
613087,318710,2014-02-11,House,"Indef Pp Hfh-607 RC #491",89,49,0,13,151
613087,318711,2014-02-11,Senate,"Accept Maj Otp Rpt RC #396",33,2,0,0,35
613087,318712,2014-02-11,Senate,"Indef Post Sas-385 RC #397",20,15,0,0,35
613087,320030,2014-02-13,House,"Enactment RC #493",120,17,0,14,151
615583,350749,2014-04-02,House,"Acc Maj Otp As Amended Rep RC #616",135,0,0,16,151
615674,344518,2014-03-18,Senate,"Accept Maj Otp-a Rpt RC #458",23,12,0,0,35
615674,348844,2014-03-26,House,"Adopt Hah-741 To Cas-426 RC #572",82,52,0,17,151
615674,361901,2014-05-01,Senate,"Veto Override (2/3) RC #663",21,14,0,0,35
617126,346595,2014-03-21,House,"Enactment - Emer RC #552",137,0,0,14,151
617847,346163,2014-03-20,House,"Acc Maj Ought Not To Pass Rep RC #547",94,42,0,15,151
617955,349237,2014-03-31,House,"Acc Maj Otp As Amended Rep RC #602",98,39,0,14,151
617955,355067,2014-04-07,House,"Final Passage - Emer RC #659",93,47,0,11,151
617955,355068,2014-04-07,House,"Adopt Hah-776 To Cah-769 RC #660",88,52,0,11,151
617955,362146,2014-05-01,House,"Reconsideration - Veto RC #770",94,53,0,4,151
619189,357738,2014-04-18,Senate,"Pass To Be Engrossed As Amend RC #613",31,0,0,4,35
619189,357739,2014-04-16,House,"Enactment - Emer RC #712",143,0,0,8,151
619945,352348,2014-04-07,House,"Acc Report 'a' Otp As Amend RC #653",88,46,0,17,151
619945,352349,2014-04-07,House,"Adopt Hah-813 To Cah-809 RC #654",93,43,0,15,151
619945,355399,2014-04-09,Senate,"Accept Rpt ""b"" Ontp RC #564",24,9,0,2,35
619945,357462,2014-04-14,House,"Recede And Concur RC #702",57,88,0,6,151
619945,357463,2014-04-14,House,"Insist RC #703",91,55,0,5,151
619945,357464,2014-04-15,Senate,"Insist RC #575",27,6,0,2,35
622605,349117,2014-03-31,House,"Acc Report 'a' Otp As Amend RC #599",66,71,0,14,151
622605,349118,2014-03-31,House,"Acc Report 'b' Ontp RC #600",71,65,0,15,151
622605,352152,2014-04-03,Senate,"Accept Rpt 'a' Otp-a RC #536",9,24,0,2,35
624101,357740,2014-04-17,House,"Enactment - Emer RC #742",145,1,0,5,151
624101,357741,2014-04-17,Senate,"Recede And Concur RC #603",16,17,0,2,35
625117,348042,2014-03-26,House,"Acc Maj Ought Not To Pass Rep RC #575",69,67,0,15,151
625117,349224,2014-03-27,Senate,"Accept Maj Ontp Rpt RC #508",21,14,0,0,35
626996,352166,2014-04-02,House,"Enactment - Emer RC #619",143,0,0,8,151
628563,352157,2014-04-03,House,"Enactment RC #628",144,0,0,7,151
628646,347175,2014-03-25,House,"Acc Maj Otp As Amended Rep RC #564",80,60,0,11,151
628646,348915,2014-03-26,Senate,"Accept Maj Otp-a Rpt RC #491",21,14,0,0,35
628646,351911,2014-03-31,House,"Adopt Hah-760 RC #605",77,57,0,17,151
628646,362018,2014-05-01,House,"Reconsideration - Veto RC #771",83,63,0,5,151
632260,355431,2014-04-09,Senate,"Enactment RC #566",32,0,0,3,35
632279,352803,2014-04-04,House,"Reconsideration - Veto RC #641",86,56,0,9,151
635834,362055,2014-05-01,House,"Reconsideration - Veto RC #758",113,33,0,5,151
635834,362056,2014-05-01,Senate,"Veto Override (2/3) RC #651",29,6,0,0,35
635849,352129,2014-03-31,House,"Acc Maj Otp As Amended Rep RC #606",118,15,0,18,151
635860,354596,2014-04-07,Senate,"Accept Maj Otp-a Rpt RC #546",19,16,0,0,35
635860,354597,2014-04-10,Senate,"Enactment RC #568",18,17,0,0,35
635860,362060,2014-05-01,House,"Reconsideration - Veto RC #760",93,53,0,5,151
635867,347664,2014-03-21,House,"Enactment - Emer RC #556",123,1,0,27,151
635867,347665,2014-03-21,Senate,"Enact-emer 2/3 Elect RC #475",34,0,0,1,35
635918,352172,2014-04-02,Senate,"Accept Maj Ontp Rpt RC #522",21,13,0,1,35
635918,352173,2014-04-03,House,"Acc Maj Ought Not To Pass Rep RC #625",86,55,0,10,151
635961,348263,2014-03-26,Senate,"Accept Maj Ontp Rpt RC #492",20,15,0,0,35
636237,361770,2014-05-01,House,"Reconsideration - Veto RC #759",96,50,0,5,151
636505,352171,2014-04-03,House,"Acc Maj Ought Not To Pass Rep RC #637",70,62,0,19,151
636505,355277,2014-04-07,Senate,"Accept Maj Ontp Rpt RC #557",20,15,0,0,35
636838,348442,2014-03-26,House,"Acc Ought To Pass As Amend Rep RC #577",92,44,0,15,151
636838,350256,2014-04-01,House,"Final Passage - Emer RC #612",116,25,0,10,151
637497,352278,2014-04-03,House,"Acc Maj Otp As Amended Rep RC #638",78,55,0,18,151
637497,355393,2014-04-08,House,"Final Passage RC #670",87,57,0,7,151
637497,355394,2014-04-07,Senate,"Accept Maj Otp-a Rpt RC #555",20,15,0,0,35
637497,361807,2014-05-01,House,"Reconsideration - Veto RC #773",87,59,0,5,151
637532,352267,2014-04-03,House,"Acc Report 'a' Otp As Amend RC #630",83,61,0,7,151
637532,352268,2014-04-03,House,"Adopt Hah-802 To Cah-787 RC #631",33,111,0,7,151
637532,352269,2014-04-03,House,"Adopt Hbh-803 To Cac-787 RC #632",38,106,0,7,151
637532,352270,2014-04-03,House,"Adopt Hch-805 To Cah-787 RC #633",63,73,0,15,151
637532,355386,2014-04-08,House,"Table Until Later RC #665",67,80,0,4,151
637532,355387,2014-04-08,House,"Recede And Concur RC #666",26,119,0,6,151
637532,355388,2014-04-08,House,"Recede RC #667",66,78,0,7,151
637532,355389,2014-04-08,House,"Table Until Later RC #668",60,83,0,8,151
637532,355390,2014-04-08,House,"Insist RC #669",72,70,0,9,151
637532,355391,2014-04-07,Senate,"Accept Rpt 'a' Otp-a RC #553",20,15,0,0,35
637532,355392,2014-04-07,Senate,"Adopt Sas-505 RC #554",18,17,0,0,35
637543,361809,2014-05-01,House,"Reconsideration - Veto RC #761",137,8,0,6,151
637543,361810,2014-05-01,Senate,"Veto Override (2/3) RC #652",21,14,0,0,35
637979,355429,2014-04-11,Senate,"Accept Rpt 'a' Otp-a RC #571",31,4,0,0,35
637979,355430,2014-04-11,House,"Acc Report 'a' Otp As Amend RC #697",130,16,0,5,151
637979,357661,2014-04-14,House,"Enactment - Emer RC #700",131,16,0,4,151
637979,357662,2014-04-17,House,"Enactment - Emer RC #728",128,15,0,8,151
637979,361954,2014-05-01,Senate,"Veto Override (2/3) RC #624",27,8,0,0,35
637979,361955,2014-05-01,House,"Reconsideration - Veto RC #790",126,21,0,4,151
638228,352833,2014-04-08,Senate,"Accept Maj Ontp Rpt RC #560",20,13,0,2,35
638228,354511,2014-04-10,House,"Acc Maj Ought Not To Pass Rep RC #693",118,27,0,6,151
638239,357653,2014-04-17,Senate,"Enact-bond Issue 2/3 Vote RC #610",29,3,0,3,35
638239,357654,2014-04-17,House,"Enactment - Bond Issue RC #741",123,23,0,5,151
638239,361952,2014-05-01,Senate,"Veto Override (2/3) RC #622",31,4,0,0,35
638239,361953,2014-05-01,House,"Reconsideration - Veto RC #787",118,28,0,5,151
638401,351775,2014-04-03,House,"Acc Maj Otp As Amended Rep RC #629",92,52,0,7,151
638401,353262,2014-04-08,House,"Enactment - Emer RC #671",88,54,0,9,151
638401,353263,2014-04-08,House,"Adopt Hah-818 RC #672",91,52,0,8,151
638401,353264,2014-04-07,Senate,"Accept Maj Otp-a Rpt RC #552",21,14,0,0,35
638401,362004,2014-05-01,House,"Reconsideration - Veto RC #772",94,53,0,4,151
638860,354730,2014-04-10,House,"Indef Pp Hah-823 RC #687",109,30,0,12,151
638860,354731,2014-04-10,House,"Indef Pp Hah-822 RC #688",97,47,0,7,151
638860,354732,2014-04-10,House,"Indef Postpone Bill & Papers RC #689",19,124,0,8,151
638860,354733,2014-04-10,House,"Passage To Be Engrossed RC #690",120,23,0,8,151
638860,355921,2014-04-11,Senate,"Indef Post Sas-520 RC #573",18,17,0,0,35
638860,355922,2014-04-15,Senate,"Enactment RC #579",20,15,0,0,35
638881,357676,2014-04-17,House,"Passage To Be Engrossed RC #732",139,3,0,9,151
638881,361963,2014-05-01,Senate,"Veto Override (2/3) RC #626",21,14,0,0,35
638896,355432,2014-04-11,House,"Acc Maj Ought Not To Pass Rep RC #694",146,1,0,4,151
639489,355609,2014-04-11,Senate,"Accept Rpt 'a' Ontp RC #574",22,13,0,0,35
639489,355610,2014-04-14,House,"Acc Report 'a' Ontp RC #699",91,55,0,5,151
639512,354326,2014-04-07,Senate,"Accept Min Otp-a Rpt RC #548",34,1,0,0,35
639528,352015,2014-04-03,Senate,"Accept Maj Ontp Rpt RC #533",21,14,0,0,35
639528,352016,2014-04-04,House,"Acc Maj Ought Not To Pass Rep RC #645",89,53,0,9,151
639570,357777,2014-04-16,Senate,"Accept Maj Otp-a Rpt RC #584",22,13,0,0,35
639570,357778,2014-04-16,House,"Acc Maj Otp As Amended Rep RC #714",95,46,0,10,151
639570,362122,2014-05-01,Senate,"Veto Override (2/3) RC #631",22,13,0,0,35
639795,357666,2014-04-17,House,"Enactment - Emer RC #730",139,3,0,9,151
639841,352130,2014-04-03,House,"Acc Maj Ought Not To Pass Rep RC #634",85,53,0,13,151
639841,354562,2014-04-07,Senate,"Accept Maj Ontp Rpt RC #556",20,15,0,0,35
639959,346668,2014-03-21,House,"Enactment - Emer RC #555",121,6,0,24,151
639959,346669,2014-03-21,Senate,"Enact-emer 2/3 Elect RC #474",33,1,0,1,35
640172,353354,2014-04-07,Senate,"Accept Maj Ontp Rpt RC #558",22,12,0,1,35
641639,352146,2014-04-02,House,"Final Passage - Emer RC #620",110,31,0,10,151
642065,355434,2014-04-09,House,"Final Passage - Emer RC #685",136,4,0,11,151
642065,357694,2014-04-17,House,"Enactment - Emer RC #731",142,0,0,9,151
642065,361968,2014-05-01,House,"Reconsideration - Veto RC #777",139,7,0,5,151
642065,361969,2014-05-01,Senate,"Veto Override (2/3) RC #659",22,12,0,1,35
642065,361970,2014-05-01,Senate,"Veto Override (2/3) RC #664",24,11,0,0,35
642150,351132,2014-04-03,House,"Table Until Later RC #623",16,126,0,9,151
642150,351133,2014-04-03,House,"Acc Maj Ought To Pass Rep RC #624",87,56,0,8,151
642150,361962,2014-05-01,Senate,"Veto Override (2/3) RC #633",20,15,0,0,35
644256,353765,2014-04-09,House,"Acc Maj Ought To Pass Rep RC #686",96,45,0,10,151
644256,357732,2014-04-16,House,"Recede And Concur RC #710",71,71,0,9,151
644256,357733,2014-04-16,House,"Final Passage - Emer RC #718",117,27,0,7,151
644256,357734,2014-04-15,Senate,"Adopt Scs-522 RC #582",26,9,0,0,35
644256,357735,2014-04-16,Senate,"Recede And Concur RC #586",29,6,0,0,35
645001,355924,2014-04-15,House,"Indef Pp Hah-832 RC #707",115,26,0,10,151
645001,355925,2014-04-15,House,"Indef Pp Hch-834 RC #708",97,43,0,11,151
645001,355926,2014-04-15,House,"Enactment - Emer RC #709",136,8,0,7,151
645001,355927,2014-04-15,Senate,"Enact-emer 2/3 Elect RC #583",35,0,0,0,35
645001,361603,2014-05-01,House,"Reconsideration - Veto RC #749",134,12,0,5,151
645001,361604,2014-05-01,Senate,"Veto Override (2/3) RC #634",35,0,0,0,35
645344,357794,2014-04-16,House,"Enactment - Emer RC #717",143,0,0,8,151
645416,357805,2014-04-17,House,"Enactment - Bond Issue RC #744",132,12,0,7,151
645416,357806,2014-04-17,Senate,"Enact-bond Issue 2/3 Vote RC #612",27,5,0,3,35
